call,case_id,correct,direct_package,direct_package_available,direct_package_used,implementation,input_type,interpretation_boundary,method,method_family,regime,score,truth_call
residence_added_information,residence_regime_00,1,,0,0,rhodyn_public_api,synthetic_known_truth,Decision divergence reports whether the declared residence window changes the interpretation relative to the declared comparator. It is not a mechanism-discovery statistic.,RhoDyn_method_object,rhodyn_method_object,residence_regime,1.0,residence_added_information
inconclusive,residence_regime_00,0,,0,0,rhodyn_internal,synthetic_known_truth,Comparator decisions test whether a generic summary can substitute for the declared RhoDyn decision object on the same input. They are not mechanistic biological calls.,endpoint_value,internal_simple_summary,residence_regime,0.443286,residence_added_information
inconclusive,residence_regime_00,0,,0,0,rhodyn_internal,synthetic_known_truth,Comparator decisions test whether a generic summary can substitute for the declared RhoDyn decision object on the same input. They are not mechanistic biological calls.,peak_amplitude,internal_simple_summary,residence_regime,0.599633,residence_added_information
inconclusive,residence_regime_00,0,,0,0,rhodyn_internal,synthetic_known_truth,Comparator decisions test whether a generic summary can substitute for the declared RhoDyn decision object on the same input. They are not mechanistic biological calls.,mean_activity_auc,internal_simple_summary,residence_regime,0.531355,residence_added_information
inconclusive,residence_regime_00,0,,0,0,rhodyn_internal,synthetic_known_truth,Comparator decisions test whether a generic summary can substitute for the declared RhoDyn decision object on the same input. They are not mechanistic biological calls.,threshold_occupancy,internal_simple_summary,residence_regime,0.0,residence_added_information
inconclusive,residence_regime_00,0,,0,0,rhodyn_internal,synthetic_known_truth,Comparator decisions test whether a generic summary can substitute for the declared RhoDyn decision object on the same input. They are not mechanistic biological calls.,latency_to_peak,internal_simple_summary,residence_regime,5.0,residence_added_information
inconclusive,residence_regime_00,0,scipy,1,1,direct_optional_package,synthetic_known_truth,Comparator decisions test whether a generic summary can substitute for the declared RhoDyn decision object on the same input. They are not mechanistic biological calls.,scipy.signal.find_peaks,scipy_signal_peak_detection,residence_regime,0.679584,residence_added_information
residence_added_information,residence_regime_00,1,pycatch22,0,0,standard_library_compatibility,synthetic_known_truth,Comparator decisions test whether a generic summary can substitute for the declared RhoDyn decision object on the same input. They are not mechanistic biological calls.,catch22_style_feature_screen,catch22_feature_family,residence_regime,0.896445,residence_added_information
residence_added_information,residence_regime_00,1,tsfresh,0,0,standard_library_compatibility,synthetic_known_truth,Comparator decisions test whether a generic summary can substitute for the declared RhoDyn decision object on the same input. They are not mechanistic biological calls.,tsfresh_style_selected_features,tsfresh_feature_family,residence_regime,0.450004,residence_added_information
residence_added_information,residence_regime_00,1,sktime,0,0,standard_library_compatibility,synthetic_known_truth,Comparator decisions test whether a generic summary can substitute for the declared RhoDyn decision object on the same input. They are not mechanistic biological calls.,MiniROCKET_style_interval_kernels,rocket_interval_kernel_family,residence_regime,0.841619,residence_added_information
residence_added_information,residence_regime_00,1,ruptures,0,0,standard_library_compatibility,synthetic_known_truth,Comparator decisions test whether a generic summary can substitute for the declared RhoDyn decision object on the same input. They are not mechanistic biological calls.,ruptures_style_single_changepoint,ruptures_changepoint_family,residence_regime,0.108462,residence_added_information
residence_added_information,residence_regime_00,1,hmmlearn,1,1,direct_optional_package,synthetic_known_truth,Comparator decisions test whether a generic summary can substitute for the declared RhoDyn decision object on the same input. They are not mechanistic biological calls.,hmmlearn.GaussianHMM,hmmlearn_gaussian_hmm_family,residence_regime,0.156347,residence_added_information
residence_added_information,residence_regime_01,1,,0,0,rhodyn_public_api,synthetic_known_truth,Decision divergence reports whether the declared residence window changes the interpretation relative to the declared comparator. It is not a mechanism-discovery statistic.,RhoDyn_method_object,rhodyn_method_object,residence_regime,1.0,residence_added_information
inconclusive,residence_regime_01,0,,0,0,rhodyn_internal,synthetic_known_truth,Comparator decisions test whether a generic summary can substitute for the declared RhoDyn decision object on the same input. They are not mechanistic biological calls.,endpoint_value,internal_simple_summary,residence_regime,0.464934,residence_added_information
inconclusive,residence_regime_01,0,,0,0,rhodyn_internal,synthetic_known_truth,Comparator decisions test whether a generic summary can substitute for the declared RhoDyn decision object on the same input. They are not mechanistic biological calls.,peak_amplitude,internal_simple_summary,residence_regime,0.609633,residence_added_information
inconclusive,residence_regime_01,0,,0,0,rhodyn_internal,synthetic_known_truth,Comparator decisions test whether a generic summary can substitute for the declared RhoDyn decision object on the same input. They are not mechanistic biological calls.,mean_activity_auc,internal_simple_summary,residence_regime,0.535757,residence_added_information
inconclusive,residence_regime_01,0,,0,0,rhodyn_internal,synthetic_known_truth,Comparator decisions test whether a generic summary can substitute for the declared RhoDyn decision object on the same input. They are not mechanistic biological calls.,threshold_occupancy,internal_simple_summary,residence_regime,0.0,residence_added_information
inconclusive,residence_regime_01,0,,0,0,rhodyn_internal,synthetic_known_truth,Comparator decisions test whether a generic summary can substitute for the declared RhoDyn decision object on the same input. They are not mechanistic biological calls.,latency_to_peak,internal_simple_summary,residence_regime,4.0,residence_added_information
inconclusive,residence_regime_01,0,scipy,1,1,direct_optional_package,synthetic_known_truth,Comparator decisions test whether a generic summary can substitute for the declared RhoDyn decision object on the same input. They are not mechanistic biological calls.,scipy.signal.find_peaks,scipy_signal_peak_detection,residence_regime,0.690917,residence_added_information
residence_added_information,residence_regime_01,1,pycatch22,0,0,standard_library_compatibility,synthetic_known_truth,Comparator decisions test whether a generic summary can substitute for the declared RhoDyn decision object on the same input. They are not mechanistic biological calls.,catch22_style_feature_screen,catch22_feature_family,residence_regime,0.903394,residence_added_information
residence_added_information,residence_regime_01,1,tsfresh,0,0,standard_library_compatibility,synthetic_known_truth,Comparator decisions test whether a generic summary can substitute for the declared RhoDyn decision object on the same input. They are not mechanistic biological calls.,tsfresh_style_selected_features,tsfresh_feature_family,residence_regime,0.455678,residence_added_information
residence_added_information,residence_regime_01,1,sktime,0,0,standard_library_compatibility,synthetic_known_truth,Comparator decisions test whether a generic summary can substitute for the declared RhoDyn decision object on the same input. They are not mechanistic biological calls.,MiniROCKET_style_interval_kernels,rocket_interval_kernel_family,residence_regime,0.84442,residence_added_information
residence_added_information,residence_regime_01,1,ruptures,0,0,standard_library_compatibility,synthetic_known_truth,Comparator decisions test whether a generic summary can substitute for the declared RhoDyn decision object on the same input. They are not mechanistic biological calls.,ruptures_style_single_changepoint,ruptures_changepoint_family,residence_regime,0.112467,residence_added_information
residence_added_information,residence_regime_01,1,hmmlearn,1,1,direct_optional_package,synthetic_known_truth,Comparator decisions test whether a generic summary can substitute for the declared RhoDyn decision object on the same input. They are not mechanistic biological calls.,hmmlearn.GaussianHMM,hmmlearn_gaussian_hmm_family,residence_regime,0.144699,residence_added_information
residence_added_information,residence_regime_02,1,,0,0,rhodyn_public_api,synthetic_known_truth,Decision divergence reports whether the declared residence window changes the interpretation relative to the declared comparator. It is not a mechanism-discovery statistic.,RhoDyn_method_object,rhodyn_method_object,residence_regime,1.0,residence_added_information
inconclusive,residence_regime_02,0,,0,0,rhodyn_internal,synthetic_known_truth,Comparator decisions test whether a generic summary can substitute for the declared RhoDyn decision object on the same input. They are not mechanistic biological calls.,endpoint_value,internal_simple_summary,residence_regime,0.493744,residence_added_information
inconclusive,residence_regime_02,0,,0,0,rhodyn_internal,synthetic_known_truth,Comparator decisions test whether a generic summary can substitute for the declared RhoDyn decision object on the same input. They are not mechanistic biological calls.,peak_amplitude,internal_simple_summary,residence_regime,0.619633,residence_added_information
inconclusive,residence_regime_02,0,,0,0,rhodyn_internal,synthetic_known_truth,Comparator decisions test whether a generic summary can substitute for the declared RhoDyn decision object on the same input. They are not mechanistic biological calls.,mean_activity_auc,internal_simple_summary,residence_regime,0.539524,residence_added_information
inconclusive,residence_regime_02,0,,0,0,rhodyn_internal,synthetic_known_truth,Comparator decisions test whether a generic summary can substitute for the declared RhoDyn decision object on the same input. They are not mechanistic biological calls.,threshold_occupancy,internal_simple_summary,residence_regime,0.0,residence_added_information
inconclusive,residence_regime_02,0,,0,0,rhodyn_internal,synthetic_known_truth,Comparator decisions test whether a generic summary can substitute for the declared RhoDyn decision object on the same input. They are not mechanistic biological calls.,latency_to_peak,internal_simple_summary,residence_regime,3.0,residence_added_information
inconclusive,residence_regime_02,0,scipy,1,1,direct_optional_package,synthetic_known_truth,Comparator decisions test whether a generic summary can substitute for the declared RhoDyn decision object on the same input. They are not mechanistic biological calls.,scipy.signal.find_peaks,scipy_signal_peak_detection,residence_regime,0.70225,residence_added_information
residence_added_information,residence_regime_02,1,pycatch22,0,0,standard_library_compatibility,synthetic_known_truth,Comparator decisions test whether a generic summary can substitute for the declared RhoDyn decision object on the same input. They are not mechanistic biological calls.,catch22_style_feature_screen,catch22_feature_family,residence_regime,0.905094,residence_added_information
residence_added_information,residence_regime_02,1,tsfresh,0,0,standard_library_compatibility,synthetic_known_truth,Comparator decisions test whether a generic summary can substitute for the declared RhoDyn decision object on the same input. They are not mechanistic biological calls.,tsfresh_style_selected_features,tsfresh_feature_family,residence_regime,0.460934,residence_added_information
residence_added_information,residence_regime_02,1,sktime,0,0,standard_library_compatibility,synthetic_known_truth,Comparator decisions test whether a generic summary can substitute for the declared RhoDyn decision object on the same input. They are not mechanistic biological calls.,MiniROCKET_style_interval_kernels,rocket_interval_kernel_family,residence_regime,0.846697,residence_added_information
residence_added_information,residence_regime_02,1,ruptures,0,0,standard_library_compatibility,synthetic_known_truth,Comparator decisions test whether a generic summary can substitute for the declared RhoDyn decision object on the same input. They are not mechanistic biological calls.,ruptures_style_single_changepoint,ruptures_changepoint_family,residence_regime,0.11385,residence_added_information
residence_added_information,residence_regime_02,1,hmmlearn,1,1,direct_optional_package,synthetic_known_truth,Comparator decisions test whether a generic summary can substitute for the declared RhoDyn decision object on the same input. They are not mechanistic biological calls.,hmmlearn.GaussianHMM,hmmlearn_gaussian_hmm_family,residence_regime,0.125888,residence_added_information
residence_added_information,residence_regime_03,1,,0,0,rhodyn_public_api,synthetic_known_truth,Decision divergence reports whether the declared residence window changes the interpretation relative to the declared comparator. It is not a mechanism-discovery statistic.,RhoDyn_method_object,rhodyn_method_object,residence_regime,1.0,residence_added_information
inconclusive,residence_regime_03,0,,0,0,rhodyn_internal,synthetic_known_truth,Comparator decisions test whether a generic summary can substitute for the declared RhoDyn decision object on the same input. They are not mechanistic biological calls.,endpoint_value,internal_simple_summary,residence_regime,0.497647,residence_added_information
inconclusive,residence_regime_03,0,,0,0,rhodyn_internal,synthetic_known_truth,Comparator decisions test whether a generic summary can substitute for the declared RhoDyn decision object on the same input. They are not mechanistic biological calls.,peak_amplitude,internal_simple_summary,residence_regime,0.599633,residence_added_information
inconclusive,residence_regime_03,0,,0,0,rhodyn_internal,synthetic_known_truth,Comparator decisions test whether a generic summary can substitute for the declared RhoDyn decision object on the same input. They are not mechanistic biological calls.,mean_activity_auc,internal_simple_summary,residence_regime,0.513344,residence_added_information
inconclusive,residence_regime_03,0,,0,0,rhodyn_internal,synthetic_known_truth,Comparator decisions test whether a generic summary can substitute for the declared RhoDyn decision object on the same input. They are not mechanistic biological calls.,threshold_occupancy,internal_simple_summary,residence_regime,0.0,residence_added_information
inconclusive,residence_regime_03,0,,0,0,rhodyn_internal,synthetic_known_truth,Comparator decisions test whether a generic summary can substitute for the declared RhoDyn decision object on the same input. They are not mechanistic biological calls.,latency_to_peak,internal_simple_summary,residence_regime,2.0,residence_added_information
inconclusive,residence_regime_03,0,scipy,1,1,direct_optional_package,synthetic_known_truth,Comparator decisions test whether a generic summary can substitute for the declared RhoDyn decision object on the same input. They are not mechanistic biological calls.,scipy.signal.find_peaks,scipy_signal_peak_detection,residence_regime,0.679584,residence_added_information
residence_added_information,residence_regime_03,1,pycatch22,0,0,standard_library_compatibility,synthetic_known_truth,Comparator decisions test whether a generic summary can substitute for the declared RhoDyn decision object on the same input. They are not mechanistic biological calls.,catch22_style_feature_screen,catch22_feature_family,residence_regime,0.902749,residence_added_information
residence_added_information,residence_regime_03,1,tsfresh,0,0,standard_library_compatibility,synthetic_known_truth,Comparator decisions test whether a generic summary can substitute for the declared RhoDyn decision object on the same input. They are not mechanistic biological calls.,tsfresh_style_selected_features,tsfresh_feature_family,residence_regime,0.442072,residence_added_information
residence_added_information,residence_regime_03,1,sktime,0,0,standard_library_compatibility,synthetic_known_truth,Comparator decisions test whether a generic summary can substitute for the declared RhoDyn decision object on the same input. They are not mechanistic biological calls.,MiniROCKET_style_interval_kernels,rocket_interval_kernel_family,residence_regime,0.842374,residence_added_information
residence_added_information,residence_regime_03,1,ruptures,0,0,standard_library_compatibility,synthetic_known_truth,Comparator decisions test whether a generic summary can substitute for the declared RhoDyn decision object on the same input. They are not mechanistic biological calls.,ruptures_style_single_changepoint,ruptures_changepoint_family,residence_regime,0.112236,residence_added_information
residence_added_information,residence_regime_03,1,hmmlearn,1,1,direct_optional_package,synthetic_known_truth,Comparator decisions test whether a generic summary can substitute for the declared RhoDyn decision object on the same input. They are not mechanistic biological calls.,hmmlearn.GaussianHMM,hmmlearn_gaussian_hmm_family,residence_regime,0.101986,residence_added_information
residence_added_information,residence_regime_04,1,,0,0,rhodyn_public_api,synthetic_known_truth,Decision divergence reports whether the declared residence window changes the interpretation relative to the declared comparator. It is not a mechanism-discovery statistic.,RhoDyn_method_object,rhodyn_method_object,residence_regime,1.0,residence_added_information
inconclusive,residence_regime_04,0,,0,0,rhodyn_internal,synthetic_known_truth,Comparator decisions test whether a generic summary can substitute for the declared RhoDyn decision object on the same input. They are not mechanistic biological calls.,endpoint_value,internal_simple_summary,residence_regime,0.53401,residence_added_information
inconclusive,residence_regime_04,0,,0,0,rhodyn_internal,synthetic_known_truth,Comparator decisions test whether a generic summary can substitute for the declared RhoDyn decision object on the same input. They are not mechanistic biological calls.,peak_amplitude,internal_simple_summary,residence_regime,0.609633,residence_added_information
inconclusive,residence_regime_04,0,,0,0,rhodyn_internal,synthetic_known_truth,Comparator decisions test whether a generic summary can substitute for the declared RhoDyn decision object on the same input. They are not mechanistic biological calls.,mean_activity_auc,internal_simple_summary,residence_regime,0.517897,residence_added_information
inconclusive,residence_regime_04,0,,0,0,rhodyn_internal,synthetic_known_truth,Comparator decisions test whether a generic summary can substitute for the declared RhoDyn decision object on the same input. They are not mechanistic biological calls.,threshold_occupancy,internal_simple_summary,residence_regime,0.0,residence_added_information
inconclusive,residence_regime_04,0,,0,0,rhodyn_internal,synthetic_known_truth,Comparator decisions test whether a generic summary can substitute for the declared RhoDyn decision object on the same input. They are not mechanistic biological calls.,latency_to_peak,internal_simple_summary,residence_regime,1.0,residence_added_information
inconclusive,residence_regime_04,0,scipy,1,1,direct_optional_package,synthetic_known_truth,Comparator decisions test whether a generic summary can substitute for the declared RhoDyn decision object on the same input. They are not mechanistic biological calls.,scipy.signal.find_peaks,scipy_signal_peak_detection,residence_regime,0.690917,residence_added_information
residence_added_information,residence_regime_04,1,pycatch22,0,0,standard_library_compatibility,synthetic_known_truth,Comparator decisions test whether a generic summary can substitute for the declared RhoDyn decision object on the same input. They are not mechanistic biological calls.,catch22_style_feature_screen,catch22_feature_family,residence_regime,0.89476,residence_added_information
residence_added_information,residence_regime_04,1,tsfresh,0,0,standard_library_compatibility,synthetic_known_truth,Comparator decisions test whether a generic summary can substitute for the declared RhoDyn decision object on the same input. They are not mechanistic biological calls.,tsfresh_style_selected_features,tsfresh_feature_family,residence_regime,0.447408,residence_added_information
residence_added_information,residence_regime_04,1,sktime,0,0,standard_library_compatibility,synthetic_known_truth,Comparator decisions test whether a generic summary can substitute for the declared RhoDyn decision object on the same input. They are not mechanistic biological calls.,MiniROCKET_style_interval_kernels,rocket_interval_kernel_family,residence_regime,0.843469,residence_added_information
residence_added_information,residence_regime_04,1,ruptures,0,0,standard_library_compatibility,synthetic_known_truth,Comparator decisions test whether a generic summary can substitute for the declared RhoDyn decision object on the same input. They are not mechanistic biological calls.,ruptures_style_single_changepoint,ruptures_changepoint_family,residence_regime,0.107714,residence_added_information
residence_added_information,residence_regime_04,1,hmmlearn,1,1,direct_optional_package,synthetic_known_truth,Comparator decisions test whether a generic summary can substitute for the declared RhoDyn decision object on the same input. They are not mechanistic biological calls.,hmmlearn.GaussianHMM,hmmlearn_gaussian_hmm_family,residence_regime,0.088424,residence_added_information
residence_added_information,residence_regime_05,1,,0,0,rhodyn_public_api,synthetic_known_truth,Decision divergence reports whether the declared residence window changes the interpretation relative to the declared comparator. It is not a mechanism-discovery statistic.,RhoDyn_method_object,rhodyn_method_object,residence_regime,1.0,residence_added_information
inconclusive,residence_regime_05,0,,0,0,rhodyn_internal,synthetic_known_truth,Comparator decisions test whether a generic summary can substitute for the declared RhoDyn decision object on the same input. They are not mechanistic biological calls.,endpoint_value,internal_simple_summary,residence_regime,0.569932,residence_added_information
inconclusive,residence_regime_05,0,,0,0,rhodyn_internal,synthetic_known_truth,Comparator decisions test whether a generic summary can substitute for the declared RhoDyn decision object on the same input. They are not mechanistic biological calls.,peak_amplitude,internal_simple_summary,residence_regime,0.619633,residence_added_information
inconclusive,residence_regime_05,0,,0,0,rhodyn_internal,synthetic_known_truth,Comparator decisions test whether a generic summary can substitute for the declared RhoDyn decision object on the same input. They are not mechanistic biological calls.,mean_activity_auc,internal_simple_summary,residence_regime,0.523782,residence_added_information
inconclusive,residence_regime_05,0,,0,0,rhodyn_internal,synthetic_known_truth,Comparator decisions test whether a generic summary can substitute for the declared RhoDyn decision object on the same input. They are not mechanistic biological calls.,threshold_occupancy,internal_simple_summary,residence_regime,0.0,residence_added_information
inconclusive,residence_regime_05,0,,0,0,rhodyn_internal,synthetic_known_truth,Comparator decisions test whether a generic summary can substitute for the declared RhoDyn decision object on the same input. They are not mechanistic biological calls.,latency_to_peak,internal_simple_summary,residence_regime,0.0,residence_added_information
inconclusive,residence_regime_05,0,scipy,1,1,direct_optional_package,synthetic_known_truth,Comparator decisions test whether a generic summary can substitute for the declared RhoDyn decision object on the same input. They are not mechanistic biological calls.,scipy.signal.find_peaks,scipy_signal_peak_detection,residence_regime,0.660941,residence_added_information
residence_added_information,residence_regime_05,1,pycatch22,0,0,standard_library_compatibility,synthetic_known_truth,Comparator decisions test whether a generic summary can substitute for the declared RhoDyn decision object on the same input. They are not mechanistic biological calls.,catch22_style_feature_screen,catch22_feature_family,residence_regime,0.878618,residence_added_information
residence_added_information,residence_regime_05,1,tsfresh,0,0,standard_library_compatibility,synthetic_known_truth,Comparator decisions test whether a generic summary can substitute for the declared RhoDyn decision object on the same input. They are not mechanistic biological calls.,tsfresh_style_selected_features,tsfresh_feature_family,residence_regime,0.453236,residence_added_information
residence_added_information,residence_regime_05,1,sktime,0,0,standard_library_compatibility,synthetic_known_truth,Comparator decisions test whether a generic summary can substitute for the declared RhoDyn decision object on the same input. They are not mechanistic biological calls.,MiniROCKET_style_interval_kernels,rocket_interval_kernel_family,residence_regime,0.494075,residence_added_information
residence_added_information,residence_regime_05,1,ruptures,0,0,standard_library_compatibility,synthetic_known_truth,Comparator decisions test whether a generic summary can substitute for the declared RhoDyn decision object on the same input. They are not mechanistic biological calls.,ruptures_style_single_changepoint,ruptures_changepoint_family,residence_regime,0.100744,residence_added_information
residence_added_information,residence_regime_05,1,hmmlearn,1,1,direct_optional_package,synthetic_known_truth,Comparator decisions test whether a generic summary can substitute for the declared RhoDyn decision object on the same input. They are not mechanistic biological calls.,hmmlearn.GaussianHMM,hmmlearn_gaussian_hmm_family,residence_regime,0.091413,residence_added_information
residence_added_information,residence_regime_06,1,,0,0,rhodyn_public_api,synthetic_known_truth,Decision divergence reports whether the declared residence window changes the interpretation relative to the declared comparator. It is not a mechanism-discovery statistic.,RhoDyn_method_object,rhodyn_method_object,residence_regime,1.0,residence_added_information
inconclusive,residence_regime_06,0,,0,0,rhodyn_internal,synthetic_known_truth,Comparator decisions test whether a generic summary can substitute for the declared RhoDyn decision object on the same input. They are not mechanistic biological calls.,endpoint_value,internal_simple_summary,residence_regime,0.572559,residence_added_information
inconclusive,residence_regime_06,0,,0,0,rhodyn_internal,synthetic_known_truth,Comparator decisions test whether a generic summary can substitute for the declared RhoDyn decision object on the same input. They are not mechanistic biological calls.,peak_amplitude,internal_simple_summary,residence_regime,0.592744,residence_added_information
inconclusive,residence_regime_06,0,,0,0,rhodyn_internal,synthetic_known_truth,Comparator decisions test whether a generic summary can substitute for the declared RhoDyn decision object on the same input. They are not mechanistic biological calls.,mean_activity_auc,internal_simple_summary,residence_regime,0.501453,residence_added_information
inconclusive,residence_regime_06,0,,0,0,rhodyn_internal,synthetic_known_truth,Comparator decisions test whether a generic summary can substitute for the declared RhoDyn decision object on the same input. They are not mechanistic biological calls.,threshold_occupancy,internal_simple_summary,residence_regime,0.0,residence_added_information
inconclusive,residence_regime_06,0,,0,0,rhodyn_internal,synthetic_known_truth,Comparator decisions test whether a generic summary can substitute for the declared RhoDyn decision object on the same input. They are not mechanistic biological calls.,latency_to_peak,internal_simple_summary,residence_regime,0.0,residence_added_information
inconclusive,residence_regime_06,0,scipy,1,1,direct_optional_package,synthetic_known_truth,Comparator decisions test whether a generic summary can substitute for the declared RhoDyn decision object on the same input. They are not mechanistic biological calls.,scipy.signal.find_peaks,scipy_signal_peak_detection,residence_regime,0.63226,residence_added_information
residence_added_information,residence_regime_06,1,pycatch22,0,0,standard_library_compatibility,synthetic_known_truth,Comparator decisions test whether a generic summary can substitute for the declared RhoDyn decision object on the same input. They are not mechanistic biological calls.,catch22_style_feature_screen,catch22_feature_family,residence_regime,0.85955,residence_added_information
residence_added_information,residence_regime_06,1,tsfresh,0,0,standard_library_compatibility,synthetic_known_truth,Comparator decisions test whether a generic summary can substitute for the declared RhoDyn decision object on the same input. They are not mechanistic biological calls.,tsfresh_style_selected_features,tsfresh_feature_family,residence_regime,0.433383,residence_added_information
residence_added_information,residence_regime_06,1,sktime,0,0,standard_library_compatibility,synthetic_known_truth,Comparator decisions test whether a generic summary can substitute for the declared RhoDyn decision object on the same input. They are not mechanistic biological calls.,MiniROCKET_style_interval_kernels,rocket_interval_kernel_family,residence_regime,0.486553,residence_added_information
residence_added_information,residence_regime_06,1,ruptures,0,0,standard_library_compatibility,synthetic_known_truth,Comparator decisions test whether a generic summary can substitute for the declared RhoDyn decision object on the same input. They are not mechanistic biological calls.,ruptures_style_single_changepoint,ruptures_changepoint_family,residence_regime,0.09002,residence_added_information
residence_added_information,residence_regime_06,1,hmmlearn,1,1,direct_optional_package,synthetic_known_truth,Comparator decisions test whether a generic summary can substitute for the declared RhoDyn decision object on the same input. They are not mechanistic biological calls.,hmmlearn.GaussianHMM,hmmlearn_gaussian_hmm_family,residence_regime,0.086216,residence_added_information
residence_added_information,residence_regime_07,1,,0,0,rhodyn_public_api,synthetic_known_truth,Decision divergence reports whether the declared residence window changes the interpretation relative to the declared comparator. It is not a mechanism-discovery statistic.,RhoDyn_method_object,rhodyn_method_object,residence_regime,1.0,residence_added_information
inconclusive,residence_regime_07,0,,0,0,rhodyn_internal,synthetic_known_truth,Comparator decisions test whether a generic summary can substitute for the declared RhoDyn decision object on the same input. They are not mechanistic biological calls.,endpoint_value,internal_simple_summary,residence_regime,0.5994,residence_added_information
inconclusive,residence_regime_07,0,,0,0,rhodyn_internal,synthetic_known_truth,Comparator decisions test whether a generic summary can substitute for the declared RhoDyn decision object on the same input. They are not mechanistic biological calls.,peak_amplitude,internal_simple_summary,residence_regime,0.5994,residence_added_information
inconclusive,residence_regime_07,0,,0,0,rhodyn_internal,synthetic_known_truth,Comparator decisions test whether a generic summary can substitute for the declared RhoDyn decision object on the same input. They are not mechanistic biological calls.,mean_activity_auc,internal_simple_summary,residence_regime,0.511165,residence_added_information
inconclusive,residence_regime_07,0,,0,0,rhodyn_internal,synthetic_known_truth,Comparator decisions test whether a generic summary can substitute for the declared RhoDyn decision object on the same input. They are not mechanistic biological calls.,threshold_occupancy,internal_simple_summary,residence_regime,0.0,residence_added_information
inconclusive,residence_regime_07,0,,0,0,rhodyn_internal,synthetic_known_truth,Comparator decisions test whether a generic summary can substitute for the declared RhoDyn decision object on the same input. They are not mechanistic biological calls.,latency_to_peak,internal_simple_summary,residence_regime,15.0,residence_added_information
inconclusive,residence_regime_07,0,scipy,1,1,direct_optional_package,synthetic_known_truth,Comparator decisions test whether a generic summary can substitute for the declared RhoDyn decision object on the same input. They are not mechanistic biological calls.,scipy.signal.find_peaks,scipy_signal_peak_detection,residence_regime,0.63936,residence_added_information
residence_added_information,residence_regime_07,1,pycatch22,0,0,standard_library_compatibility,synthetic_known_truth,Comparator decisions test whether a generic summary can substitute for the declared RhoDyn decision object on the same input. They are not mechanistic biological calls.,catch22_style_feature_screen,catch22_feature_family,residence_regime,0.856283,residence_added_information
residence_added_information,residence_regime_07,1,tsfresh,0,0,standard_library_compatibility,synthetic_known_truth,Comparator decisions test whether a generic summary can substitute for the declared RhoDyn decision object on the same input. They are not mechanistic biological calls.,tsfresh_style_selected_features,tsfresh_feature_family,residence_regime,0.439968,residence_added_information
residence_added_information,residence_regime_07,1,sktime,0,0,standard_library_compatibility,synthetic_known_truth,Comparator decisions test whether a generic summary can substitute for the declared RhoDyn decision object on the same input. They are not mechanistic biological calls.,MiniROCKET_style_interval_kernels,rocket_interval_kernel_family,residence_regime,0.486945,residence_added_information
residence_added_information,residence_regime_07,1,ruptures,0,0,standard_library_compatibility,synthetic_known_truth,Comparator decisions test whether a generic summary can substitute for the declared RhoDyn decision object on the same input. They are not mechanistic biological calls.,ruptures_style_single_changepoint,ruptures_changepoint_family,residence_regime,0.085326,residence_added_information
residence_added_information,residence_regime_07,1,hmmlearn,1,1,direct_optional_package,synthetic_known_truth,Comparator decisions test whether a generic summary can substitute for the declared RhoDyn decision object on the same input. They are not mechanistic biological calls.,hmmlearn.GaussianHMM,hmmlearn_gaussian_hmm_family,residence_regime,0.083081,residence_added_information
residence_added_information,residence_regime_08,1,,0,0,rhodyn_public_api,synthetic_known_truth,Decision divergence reports whether the declared residence window changes the interpretation relative to the declared comparator. It is not a mechanism-discovery statistic.,RhoDyn_method_object,rhodyn_method_object,residence_regime,1.0,residence_added_information
inconclusive,residence_regime_08,0,,0,0,rhodyn_internal,synthetic_known_truth,Comparator decisions test whether a generic summary can substitute for the declared RhoDyn decision object on the same input. They are not mechanistic biological calls.,endpoint_value,internal_simple_summary,residence_regime,0.618601,residence_added_information
inconclusive,residence_regime_08,0,,0,0,rhodyn_internal,synthetic_known_truth,Comparator decisions test whether a generic summary can substitute for the declared RhoDyn decision object on the same input. They are not mechanistic biological calls.,peak_amplitude,internal_simple_summary,residence_regime,0.618601,residence_added_information
inconclusive,residence_regime_08,0,,0,0,rhodyn_internal,synthetic_known_truth,Comparator decisions test whether a generic summary can substitute for the declared RhoDyn decision object on the same input. They are not mechanistic biological calls.,mean_activity_auc,internal_simple_summary,residence_regime,0.522951,residence_added_information
inconclusive,residence_regime_08,0,,0,0,rhodyn_internal,synthetic_known_truth,Comparator decisions test whether a generic summary can substitute for the declared RhoDyn decision object on the same input. They are not mechanistic biological calls.,threshold_occupancy,internal_simple_summary,residence_regime,0.0,residence_added_information
inconclusive,residence_regime_08,0,,0,0,rhodyn_internal,synthetic_known_truth,Comparator decisions test whether a generic summary can substitute for the declared RhoDyn decision object on the same input. They are not mechanistic biological calls.,latency_to_peak,internal_simple_summary,residence_regime,15.0,residence_added_information
inconclusive,residence_regime_08,0,scipy,1,1,direct_optional_package,synthetic_known_truth,Comparator decisions test whether a generic summary can substitute for the declared RhoDyn decision object on the same input. They are not mechanistic biological calls.,scipy.signal.find_peaks,scipy_signal_peak_detection,residence_regime,0.659841,residence_added_information
residence_added_information,residence_regime_08,1,pycatch22,0,0,standard_library_compatibility,synthetic_known_truth,Comparator decisions test whether a generic summary can substitute for the declared RhoDyn decision object on the same input. They are not mechanistic biological calls.,catch22_style_feature_screen,catch22_feature_family,residence_regime,0.873056,residence_added_information
residence_added_information,residence_regime_08,1,tsfresh,0,0,standard_library_compatibility,synthetic_known_truth,Comparator decisions test whether a generic summary can substitute for the declared RhoDyn decision object on the same input. They are not mechanistic biological calls.,tsfresh_style_selected_features,tsfresh_feature_family,residence_regime,0.452398,residence_added_information
residence_added_information,residence_regime_08,1,sktime,0,0,standard_library_compatibility,synthetic_known_truth,Comparator decisions test whether a generic summary can substitute for the declared RhoDyn decision object on the same input. They are not mechanistic biological calls.,MiniROCKET_style_interval_kernels,rocket_interval_kernel_family,residence_regime,0.493465,residence_added_information
residence_added_information,residence_regime_08,1,ruptures,0,0,standard_library_compatibility,synthetic_known_truth,Comparator decisions test whether a generic summary can substitute for the declared RhoDyn decision object on the same input. They are not mechanistic biological calls.,ruptures_style_single_changepoint,ruptures_changepoint_family,residence_regime,0.098725,residence_added_information
residence_added_information,residence_regime_08,1,hmmlearn,1,1,direct_optional_package,synthetic_known_truth,Comparator decisions test whether a generic summary can substitute for the declared RhoDyn decision object on the same input. They are not mechanistic biological calls.,hmmlearn.GaussianHMM,hmmlearn_gaussian_hmm_family,residence_regime,0.090985,residence_added_information
residence_added_information,residence_regime_09,1,,0,0,rhodyn_public_api,synthetic_known_truth,Decision divergence reports whether the declared residence window changes the interpretation relative to the declared comparator. It is not a mechanism-discovery statistic.,RhoDyn_method_object,rhodyn_method_object,residence_regime,1.0,residence_added_information
inconclusive,residence_regime_09,0,,0,0,rhodyn_internal,synthetic_known_truth,Comparator decisions test whether a generic summary can substitute for the declared RhoDyn decision object on the same input. They are not mechanistic biological calls.,endpoint_value,internal_simple_summary,residence_regime,0.599149,residence_added_information
inconclusive,residence_regime_09,0,,0,0,rhodyn_internal,synthetic_known_truth,Comparator decisions test whether a generic summary can substitute for the declared RhoDyn decision object on the same input. They are not mechanistic biological calls.,peak_amplitude,internal_simple_summary,residence_regime,0.599149,residence_added_information
inconclusive,residence_regime_09,0,,0,0,rhodyn_internal,synthetic_known_truth,Comparator decisions test whether a generic summary can substitute for the declared RhoDyn decision object on the same input. They are not mechanistic biological calls.,mean_activity_auc,internal_simple_summary,residence_regime,0.506613,residence_added_information
inconclusive,residence_regime_09,0,,0,0,rhodyn_internal,synthetic_known_truth,Comparator decisions test whether a generic summary can substitute for the declared RhoDyn decision object on the same input. They are not mechanistic biological calls.,threshold_occupancy,internal_simple_summary,residence_regime,0.0,residence_added_information
inconclusive,residence_regime_09,0,,0,0,rhodyn_internal,synthetic_known_truth,Comparator decisions test whether a generic summary can substitute for the declared RhoDyn decision object on the same input. They are not mechanistic biological calls.,latency_to_peak,internal_simple_summary,residence_regime,15.0,residence_added_information
inconclusive,residence_regime_09,0,scipy,1,1,direct_optional_package,synthetic_known_truth,Comparator decisions test whether a generic summary can substitute for the declared RhoDyn decision object on the same input. They are not mechanistic biological calls.,scipy.signal.find_peaks,scipy_signal_peak_detection,residence_regime,0.639092,residence_added_information
residence_added_information,residence_regime_09,1,pycatch22,0,0,standard_library_compatibility,synthetic_known_truth,Comparator decisions test whether a generic summary can substitute for the declared RhoDyn decision object on the same input. They are not mechanistic biological calls.,catch22_style_feature_screen,catch22_feature_family,residence_regime,0.891177,residence_added_information
residence_added_information,residence_regime_09,1,tsfresh,0,0,standard_library_compatibility,synthetic_known_truth,Comparator decisions test whether a generic summary can substitute for the declared RhoDyn decision object on the same input. They are not mechanistic biological calls.,tsfresh_style_selected_features,tsfresh_feature_family,residence_regime,0.438583,residence_added_information
residence_added_information,residence_regime_09,1,sktime,0,0,standard_library_compatibility,synthetic_known_truth,Comparator decisions test whether a generic summary can substitute for the declared RhoDyn decision object on the same input. They are not mechanistic biological calls.,MiniROCKET_style_interval_kernels,rocket_interval_kernel_family,residence_regime,0.49107,residence_added_information
residence_added_information,residence_regime_09,1,ruptures,0,0,standard_library_compatibility,synthetic_known_truth,Comparator decisions test whether a generic summary can substitute for the declared RhoDyn decision object on the same input. They are not mechanistic biological calls.,ruptures_style_single_changepoint,ruptures_changepoint_family,residence_regime,0.106201,residence_added_information
residence_added_information,residence_regime_09,1,hmmlearn,1,1,direct_optional_package,synthetic_known_truth,Comparator decisions test whether a generic summary can substitute for the declared RhoDyn decision object on the same input. They are not mechanistic biological calls.,hmmlearn.GaussianHMM,hmmlearn_gaussian_hmm_family,residence_regime,0.088872,residence_added_information
residence_added_information,residence_regime_10,1,,0,0,rhodyn_public_api,synthetic_known_truth,Decision divergence reports whether the declared residence window changes the interpretation relative to the declared comparator. It is not a mechanism-discovery statistic.,RhoDyn_method_object,rhodyn_method_object,residence_regime,1.0,residence_added_information
inconclusive,residence_regime_10,0,,0,0,rhodyn_internal,synthetic_known_truth,Comparator decisions test whether a generic summary can substitute for the declared RhoDyn decision object on the same input. They are not mechanistic biological calls.,endpoint_value,internal_simple_summary,residence_regime,0.600984,residence_added_information
inconclusive,residence_regime_10,0,,0,0,rhodyn_internal,synthetic_known_truth,Comparator decisions test whether a generic summary can substitute for the declared RhoDyn decision object on the same input. They are not mechanistic biological calls.,peak_amplitude,internal_simple_summary,residence_regime,0.609149,residence_added_information
inconclusive,residence_regime_10,0,,0,0,rhodyn_internal,synthetic_known_truth,Comparator decisions test whether a generic summary can substitute for the declared RhoDyn decision object on the same input. They are not mechanistic biological calls.,mean_activity_auc,internal_simple_summary,residence_regime,0.52175,residence_added_information
inconclusive,residence_regime_10,0,,0,0,rhodyn_internal,synthetic_known_truth,Comparator decisions test whether a generic summary can substitute for the declared RhoDyn decision object on the same input. They are not mechanistic biological calls.,threshold_occupancy,internal_simple_summary,residence_regime,0.0,residence_added_information
inconclusive,residence_regime_10,0,,0,0,rhodyn_internal,synthetic_known_truth,Comparator decisions test whether a generic summary can substitute for the declared RhoDyn decision object on the same input. They are not mechanistic biological calls.,latency_to_peak,internal_simple_summary,residence_regime,14.0,residence_added_information
inconclusive,residence_regime_10,0,scipy,1,1,direct_optional_package,synthetic_known_truth,Comparator decisions test whether a generic summary can substitute for the declared RhoDyn decision object on the same input. They are not mechanistic biological calls.,scipy.signal.find_peaks,scipy_signal_peak_detection,residence_regime,0.690368,residence_added_information
residence_added_information,residence_regime_10,1,pycatch22,0,0,standard_library_compatibility,synthetic_known_truth,Comparator decisions test whether a generic summary can substitute for the declared RhoDyn decision object on the same input. They are not mechanistic biological calls.,catch22_style_feature_screen,catch22_feature_family,residence_regime,0.901245,residence_added_information
residence_added_information,residence_regime_10,1,tsfresh,0,0,standard_library_compatibility,synthetic_known_truth,Comparator decisions test whether a generic summary can substitute for the declared RhoDyn decision object on the same input. They are not mechanistic biological calls.,tsfresh_style_selected_features,tsfresh_feature_family,residence_regime,0.449139,residence_added_information
residence_added_information,residence_regime_10,1,sktime,0,0,standard_library_compatibility,synthetic_known_truth,Comparator decisions test whether a generic summary can substitute for the declared RhoDyn decision object on the same input. They are not mechanistic biological calls.,MiniROCKET_style_interval_kernels,rocket_interval_kernel_family,residence_regime,0.844047,residence_added_information
residence_added_information,residence_regime_10,1,ruptures,0,0,standard_library_compatibility,synthetic_known_truth,Comparator decisions test whether a generic summary can substitute for the declared RhoDyn decision object on the same input. They are not mechanistic biological calls.,ruptures_style_single_changepoint,ruptures_changepoint_family,residence_regime,0.111088,residence_added_information
residence_added_information,residence_regime_10,1,hmmlearn,1,1,direct_optional_package,synthetic_known_truth,Comparator decisions test whether a generic summary can substitute for the declared RhoDyn decision object on the same input. They are not mechanistic biological calls.,hmmlearn.GaussianHMM,hmmlearn_gaussian_hmm_family,residence_regime,0.085141,residence_added_information
residence_added_information,residence_regime_11,1,,0,0,rhodyn_public_api,synthetic_known_truth,Decision divergence reports whether the declared residence window changes the interpretation relative to the declared comparator. It is not a mechanism-discovery statistic.,RhoDyn_method_object,rhodyn_method_object,residence_regime,1.0,residence_added_information
inconclusive,residence_regime_11,0,,0,0,rhodyn_internal,synthetic_known_truth,Comparator decisions test whether a generic summary can substitute for the declared RhoDyn decision object on the same input. They are not mechanistic biological calls.,endpoint_value,internal_simple_summary,residence_regime,0.595004,residence_added_information
inconclusive,residence_regime_11,0,,0,0,rhodyn_internal,synthetic_known_truth,Comparator decisions test whether a generic summary can substitute for the declared RhoDyn decision object on the same input. They are not mechanistic biological calls.,peak_amplitude,internal_simple_summary,residence_regime,0.619149,residence_added_information
inconclusive,residence_regime_11,0,,0,0,rhodyn_internal,synthetic_known_truth,Comparator decisions test whether a generic summary can substitute for the declared RhoDyn decision object on the same input. They are not mechanistic biological calls.,mean_activity_auc,internal_simple_summary,residence_regime,0.537794,residence_added_information
inconclusive,residence_regime_11,0,,0,0,rhodyn_internal,synthetic_known_truth,Comparator decisions test whether a generic summary can substitute for the declared RhoDyn decision object on the same input. They are not mechanistic biological calls.,threshold_occupancy,internal_simple_summary,residence_regime,0.0,residence_added_information
inconclusive,residence_regime_11,0,,0,0,rhodyn_internal,synthetic_known_truth,Comparator decisions test whether a generic summary can substitute for the declared RhoDyn decision object on the same input. They are not mechanistic biological calls.,latency_to_peak,internal_simple_summary,residence_regime,13.0,residence_added_information
inconclusive,residence_regime_11,0,scipy,1,1,direct_optional_package,synthetic_known_truth,Comparator decisions test whether a generic summary can substitute for the declared RhoDyn decision object on the same input. They are not mechanistic biological calls.,scipy.signal.find_peaks,scipy_signal_peak_detection,residence_regime,0.701702,residence_added_information
residence_added_information,residence_regime_11,1,pycatch22,0,0,standard_library_compatibility,synthetic_known_truth,Comparator decisions test whether a generic summary can substitute for the declared RhoDyn decision object on the same input. They are not mechanistic biological calls.,catch22_style_feature_screen,catch22_feature_family,residence_regime,0.904871,residence_added_information
residence_added_information,residence_regime_11,1,tsfresh,0,0,standard_library_compatibility,synthetic_known_truth,Comparator decisions test whether a generic summary can substitute for the declared RhoDyn decision object on the same input. They are not mechanistic biological calls.,tsfresh_style_selected_features,tsfresh_feature_family,residence_regime,0.459978,residence_added_information
residence_added_information,residence_regime_11,1,sktime,0,0,standard_library_compatibility,synthetic_known_truth,Comparator decisions test whether a generic summary can substitute for the declared RhoDyn decision object on the same input. They are not mechanistic biological calls.,MiniROCKET_style_interval_kernels,rocket_interval_kernel_family,residence_regime,0.846527,residence_added_information
residence_added_information,residence_regime_11,1,ruptures,0,0,standard_library_compatibility,synthetic_known_truth,Comparator decisions test whether a generic summary can substitute for the declared RhoDyn decision object on the same input. They are not mechanistic biological calls.,ruptures_style_single_changepoint,ruptures_changepoint_family,residence_regime,0.113484,residence_added_information
residence_added_information,residence_regime_11,1,hmmlearn,1,1,direct_optional_package,synthetic_known_truth,Comparator decisions test whether a generic summary can substitute for the declared RhoDyn decision object on the same input. They are not mechanistic biological calls.,hmmlearn.GaussianHMM,hmmlearn_gaussian_hmm_family,residence_regime,0.080751,residence_added_information
baseline_or_amplitude_sufficient,amplitude_regime_00,1,,0,0,rhodyn_public_api,synthetic_known_truth,Decision divergence reports whether the declared residence window changes the interpretation relative to the declared comparator. It is not a mechanism-discovery statistic.,RhoDyn_method_object,rhodyn_method_object,amplitude_regime,-1.0,baseline_or_amplitude_sufficient
inconclusive,amplitude_regime_00,0,,0,0,rhodyn_internal,synthetic_known_truth,Comparator decisions test whether a generic summary can substitute for the declared RhoDyn decision object on the same input. They are not mechanistic biological calls.,endpoint_value,internal_simple_summary,amplitude_regime,0.14,baseline_or_amplitude_sufficient
baseline_or_amplitude_sufficient,amplitude_regime_00,1,,0,0,rhodyn_internal,synthetic_known_truth,Comparator decisions test whether a generic summary can substitute for the declared RhoDyn decision object on the same input. They are not mechanistic biological calls.,peak_amplitude,internal_simple_summary,amplitude_regime,0.92,baseline_or_amplitude_sufficient
inconclusive,amplitude_regime_00,0,,0,0,rhodyn_internal,synthetic_known_truth,Comparator decisions test whether a generic summary can substitute for the declared RhoDyn decision object on the same input. They are not mechanistic biological calls.,mean_activity_auc,internal_simple_summary,amplitude_regime,0.312,baseline_or_amplitude_sufficient
inconclusive,amplitude_regime_00,0,,0,0,rhodyn_internal,synthetic_known_truth,Comparator decisions test whether a generic summary can substitute for the declared RhoDyn decision object on the same input. They are not mechanistic biological calls.,threshold_occupancy,internal_simple_summary,amplitude_regime,0.1875,baseline_or_amplitude_sufficient
baseline_or_amplitude_sufficient,amplitude_regime_00,1,,0,0,rhodyn_internal,synthetic_known_truth,Comparator decisions test whether a generic summary can substitute for the declared RhoDyn decision object on the same input. They are not mechanistic biological calls.,latency_to_peak,internal_simple_summary,amplitude_regime,2.0,baseline_or_amplitude_sufficient
baseline_or_amplitude_sufficient,amplitude_regime_00,1,scipy,1,1,direct_optional_package,synthetic_known_truth,Comparator decisions test whether a generic summary can substitute for the declared RhoDyn decision object on the same input. They are not mechanistic biological calls.,scipy.signal.find_peaks,scipy_signal_peak_detection,amplitude_regime,1.472,baseline_or_amplitude_sufficient
baseline_or_amplitude_sufficient,amplitude_regime_00,1,pycatch22,0,0,standard_library_compatibility,synthetic_known_truth,Comparator decisions test whether a generic summary can substitute for the declared RhoDyn decision object on the same input. They are not mechanistic biological calls.,catch22_style_feature_screen,catch22_feature_family,amplitude_regime,-0.557661,baseline_or_amplitude_sufficient
inconclusive,amplitude_regime_00,0,tsfresh,0,0,standard_library_compatibility,synthetic_known_truth,Comparator decisions test whether a generic summary can substitute for the declared RhoDyn decision object on the same input. They are not mechanistic biological calls.,tsfresh_style_selected_features,tsfresh_feature_family,amplitude_regime,0.4624,baseline_or_amplitude_sufficient
baseline_or_amplitude_sufficient,amplitude_regime_00,1,sktime,0,0,standard_library_compatibility,synthetic_known_truth,Comparator decisions test whether a generic summary can substitute for the declared RhoDyn decision object on the same input. They are not mechanistic biological calls.,MiniROCKET_style_interval_kernels,rocket_interval_kernel_family,amplitude_regime,4.868769,baseline_or_amplitude_sufficient
inconclusive,amplitude_regime_00,0,ruptures,0,0,standard_library_compatibility,synthetic_known_truth,Comparator decisions test whether a generic summary can substitute for the declared RhoDyn decision object on the same input. They are not mechanistic biological calls.,ruptures_style_single_changepoint,ruptures_changepoint_family,amplitude_regime,0.173846,baseline_or_amplitude_sufficient
inconclusive,amplitude_regime_00,0,hmmlearn,1,1,direct_optional_package,synthetic_known_truth,Comparator decisions test whether a generic summary can substitute for the declared RhoDyn decision object on the same input. They are not mechanistic biological calls.,hmmlearn.GaussianHMM,hmmlearn_gaussian_hmm_family,amplitude_regime,0.78,baseline_or_amplitude_sufficient
baseline_or_amplitude_sufficient,amplitude_regime_01,1,,0,0,rhodyn_public_api,synthetic_known_truth,Decision divergence reports whether the declared residence window changes the interpretation relative to the declared comparator. It is not a mechanism-discovery statistic.,RhoDyn_method_object,rhodyn_method_object,amplitude_regime,-1.0,baseline_or_amplitude_sufficient
inconclusive,amplitude_regime_01,0,,0,0,rhodyn_internal,synthetic_known_truth,Comparator decisions test whether a generic summary can substitute for the declared RhoDyn decision object on the same input. They are not mechanistic biological calls.,endpoint_value,internal_simple_summary,amplitude_regime,0.16,baseline_or_amplitude_sufficient
baseline_or_amplitude_sufficient,amplitude_regime_01,1,,0,0,rhodyn_internal,synthetic_known_truth,Comparator decisions test whether a generic summary can substitute for the declared RhoDyn decision object on the same input. They are not mechanistic biological calls.,peak_amplitude,internal_simple_summary,amplitude_regime,0.94,baseline_or_amplitude_sufficient
inconclusive,amplitude_regime_01,0,,0,0,rhodyn_internal,synthetic_known_truth,Comparator decisions test whether a generic summary can substitute for the declared RhoDyn decision object on the same input. They are not mechanistic biological calls.,mean_activity_auc,internal_simple_summary,amplitude_regime,0.316,baseline_or_amplitude_sufficient
inconclusive,amplitude_regime_01,0,,0,0,rhodyn_internal,synthetic_known_truth,Comparator decisions test whether a generic summary can substitute for the declared RhoDyn decision object on the same input. They are not mechanistic biological calls.,threshold_occupancy,internal_simple_summary,amplitude_regime,0.1875,baseline_or_amplitude_sufficient
inconclusive,amplitude_regime_01,0,,0,0,rhodyn_internal,synthetic_known_truth,Comparator decisions test whether a generic summary can substitute for the declared RhoDyn decision object on the same input. They are not mechanistic biological calls.,latency_to_peak,internal_simple_summary,amplitude_regime,3.0,baseline_or_amplitude_sufficient
baseline_or_amplitude_sufficient,amplitude_regime_01,1,scipy,1,1,direct_optional_package,synthetic_known_truth,Comparator decisions test whether a generic summary can substitute for the declared RhoDyn decision object on the same input. They are not mechanistic biological calls.,scipy.signal.find_peaks,scipy_signal_peak_detection,amplitude_regime,1.566667,baseline_or_amplitude_sufficient
baseline_or_amplitude_sufficient,amplitude_regime_01,1,pycatch22,0,0,standard_library_compatibility,synthetic_known_truth,Comparator decisions test whether a generic summary can substitute for the declared RhoDyn decision object on the same input. They are not mechanistic biological calls.,catch22_style_feature_screen,catch22_feature_family,amplitude_regime,-0.56504,baseline_or_amplitude_sufficient
inconclusive,amplitude_regime_01,0,tsfresh,0,0,standard_library_compatibility,synthetic_known_truth,Comparator decisions test whether a generic summary can substitute for the declared RhoDyn decision object on the same input. They are not mechanistic biological calls.,tsfresh_style_selected_features,tsfresh_feature_family,amplitude_regime,0.4712,baseline_or_amplitude_sufficient
baseline_or_amplitude_sufficient,amplitude_regime_01,1,sktime,0,0,standard_library_compatibility,synthetic_known_truth,Comparator decisions test whether a generic summary can substitute for the declared RhoDyn decision object on the same input. They are not mechanistic biological calls.,MiniROCKET_style_interval_kernels,rocket_interval_kernel_family,amplitude_regime,5.227,baseline_or_amplitude_sufficient
inconclusive,amplitude_regime_01,0,ruptures,0,0,standard_library_compatibility,synthetic_known_truth,Comparator decisions test whether a generic summary can substitute for the declared RhoDyn decision object on the same input. They are not mechanistic biological calls.,ruptures_style_single_changepoint,ruptures_changepoint_family,amplitude_regime,0.195,baseline_or_amplitude_sufficient
inconclusive,amplitude_regime_01,0,hmmlearn,1,1,direct_optional_package,synthetic_known_truth,Comparator decisions test whether a generic summary can substitute for the declared RhoDyn decision object on the same input. They are not mechanistic biological calls.,hmmlearn.GaussianHMM,hmmlearn_gaussian_hmm_family,amplitude_regime,0.78,baseline_or_amplitude_sufficient
baseline_or_amplitude_sufficient,amplitude_regime_02,1,,0,0,rhodyn_public_api,synthetic_known_truth,Decision divergence reports whether the declared residence window changes the interpretation relative to the declared comparator. It is not a mechanism-discovery statistic.,RhoDyn_method_object,rhodyn_method_object,amplitude_regime,-1.0,baseline_or_amplitude_sufficient
inconclusive,amplitude_regime_02,0,,0,0,rhodyn_internal,synthetic_known_truth,Comparator decisions test whether a generic summary can substitute for the declared RhoDyn decision object on the same input. They are not mechanistic biological calls.,endpoint_value,internal_simple_summary,amplitude_regime,0.18,baseline_or_amplitude_sufficient
baseline_or_amplitude_sufficient,amplitude_regime_02,1,,0,0,rhodyn_internal,synthetic_known_truth,Comparator decisions test whether a generic summary can substitute for the declared RhoDyn decision object on the same input. They are not mechanistic biological calls.,peak_amplitude,internal_simple_summary,amplitude_regime,0.96,baseline_or_amplitude_sufficient
inconclusive,amplitude_regime_02,0,,0,0,rhodyn_internal,synthetic_known_truth,Comparator decisions test whether a generic summary can substitute for the declared RhoDyn decision object on the same input. They are not mechanistic biological calls.,mean_activity_auc,internal_simple_summary,amplitude_regime,0.322667,baseline_or_amplitude_sufficient
inconclusive,amplitude_regime_02,0,,0,0,rhodyn_internal,synthetic_known_truth,Comparator decisions test whether a generic summary can substitute for the declared RhoDyn decision object on the same input. They are not mechanistic biological calls.,threshold_occupancy,internal_simple_summary,amplitude_regime,0.1875,baseline_or_amplitude_sufficient
baseline_or_amplitude_sufficient,amplitude_regime_02,1,,0,0,rhodyn_internal,synthetic_known_truth,Comparator decisions test whether a generic summary can substitute for the declared RhoDyn decision object on the same input. They are not mechanistic biological calls.,latency_to_peak,internal_simple_summary,amplitude_regime,2.0,baseline_or_amplitude_sufficient
baseline_or_amplitude_sufficient,amplitude_regime_02,1,scipy,1,1,direct_optional_package,synthetic_known_truth,Comparator decisions test whether a generic summary can substitute for the declared RhoDyn decision object on the same input. They are not mechanistic biological calls.,scipy.signal.find_peaks,scipy_signal_peak_detection,amplitude_regime,1.536,baseline_or_amplitude_sufficient
baseline_or_amplitude_sufficient,amplitude_regime_02,1,pycatch22,0,0,standard_library_compatibility,synthetic_known_truth,Comparator decisions test whether a generic summary can substitute for the declared RhoDyn decision object on the same input. They are not mechanistic biological calls.,catch22_style_feature_screen,catch22_feature_family,amplitude_regime,-0.560842,baseline_or_amplitude_sufficient
inconclusive,amplitude_regime_02,0,tsfresh,0,0,standard_library_compatibility,synthetic_known_truth,Comparator decisions test whether a generic summary can substitute for the declared RhoDyn decision object on the same input. They are not mechanistic biological calls.,tsfresh_style_selected_features,tsfresh_feature_family,amplitude_regime,0.4812,baseline_or_amplitude_sufficient
baseline_or_amplitude_sufficient,amplitude_regime_02,1,sktime,0,0,standard_library_compatibility,synthetic_known_truth,Comparator decisions test whether a generic summary can substitute for the declared RhoDyn decision object on the same input. They are not mechanistic biological calls.,MiniROCKET_style_interval_kernels,rocket_interval_kernel_family,amplitude_regime,4.885564,baseline_or_amplitude_sufficient
inconclusive,amplitude_regime_02,0,ruptures,0,0,standard_library_compatibility,synthetic_known_truth,Comparator decisions test whether a generic summary can substitute for the declared RhoDyn decision object on the same input. They are not mechanistic biological calls.,ruptures_style_single_changepoint,ruptures_changepoint_family,amplitude_regime,0.217818,baseline_or_amplitude_sufficient
inconclusive,amplitude_regime_02,0,hmmlearn,1,1,direct_optional_package,synthetic_known_truth,Comparator decisions test whether a generic summary can substitute for the declared RhoDyn decision object on the same input. They are not mechanistic biological calls.,hmmlearn.GaussianHMM,hmmlearn_gaussian_hmm_family,amplitude_regime,0.78,baseline_or_amplitude_sufficient
baseline_or_amplitude_sufficient,amplitude_regime_03,1,,0,0,rhodyn_public_api,synthetic_known_truth,Decision divergence reports whether the declared residence window changes the interpretation relative to the declared comparator. It is not a mechanism-discovery statistic.,RhoDyn_method_object,rhodyn_method_object,amplitude_regime,-1.0,baseline_or_amplitude_sufficient
inconclusive,amplitude_regime_03,0,,0,0,rhodyn_internal,synthetic_known_truth,Comparator decisions test whether a generic summary can substitute for the declared RhoDyn decision object on the same input. They are not mechanistic biological calls.,endpoint_value,internal_simple_summary,amplitude_regime,0.14,baseline_or_amplitude_sufficient
baseline_or_amplitude_sufficient,amplitude_regime_03,1,,0,0,rhodyn_internal,synthetic_known_truth,Comparator decisions test whether a generic summary can substitute for the declared RhoDyn decision object on the same input. They are not mechanistic biological calls.,peak_amplitude,internal_simple_summary,amplitude_regime,0.98,baseline_or_amplitude_sufficient
inconclusive,amplitude_regime_03,0,,0,0,rhodyn_internal,synthetic_known_truth,Comparator decisions test whether a generic summary can substitute for the declared RhoDyn decision object on the same input. They are not mechanistic biological calls.,mean_activity_auc,internal_simple_summary,amplitude_regime,0.326667,baseline_or_amplitude_sufficient
inconclusive,amplitude_regime_03,0,,0,0,rhodyn_internal,synthetic_known_truth,Comparator decisions test whether a generic summary can substitute for the declared RhoDyn decision object on the same input. They are not mechanistic biological calls.,threshold_occupancy,internal_simple_summary,amplitude_regime,0.1875,baseline_or_amplitude_sufficient
inconclusive,amplitude_regime_03,0,,0,0,rhodyn_internal,synthetic_known_truth,Comparator decisions test whether a generic summary can substitute for the declared RhoDyn decision object on the same input. They are not mechanistic biological calls.,latency_to_peak,internal_simple_summary,amplitude_regime,3.0,baseline_or_amplitude_sufficient
baseline_or_amplitude_sufficient,amplitude_regime_03,1,scipy,1,1,direct_optional_package,synthetic_known_truth,Comparator decisions test whether a generic summary can substitute for the declared RhoDyn decision object on the same input. They are not mechanistic biological calls.,scipy.signal.find_peaks,scipy_signal_peak_detection,amplitude_regime,1.568,baseline_or_amplitude_sufficient
baseline_or_amplitude_sufficient,amplitude_regime_03,1,pycatch22,0,0,standard_library_compatibility,synthetic_known_truth,Comparator decisions test whether a generic summary can substitute for the declared RhoDyn decision object on the same input. They are not mechanistic biological calls.,catch22_style_feature_screen,catch22_feature_family,amplitude_regime,-0.570399,baseline_or_amplitude_sufficient
inconclusive,amplitude_regime_03,0,tsfresh,0,0,standard_library_compatibility,synthetic_known_truth,Comparator decisions test whether a generic summary can substitute for the declared RhoDyn decision object on the same input. They are not mechanistic biological calls.,tsfresh_style_selected_features,tsfresh_feature_family,amplitude_regime,0.49,baseline_or_amplitude_sufficient
baseline_or_amplitude_sufficient,amplitude_regime_03,1,sktime,0,0,standard_library_compatibility,synthetic_known_truth,Comparator decisions test whether a generic summary can substitute for the declared RhoDyn decision object on the same input. They are not mechanistic biological calls.,MiniROCKET_style_interval_kernels,rocket_interval_kernel_family,amplitude_regime,4.884154,baseline_or_amplitude_sufficient
inconclusive,amplitude_regime_03,0,ruptures,0,0,standard_library_compatibility,synthetic_known_truth,Comparator decisions test whether a generic summary can substitute for the declared RhoDyn decision object on the same input. They are not mechanistic biological calls.,ruptures_style_single_changepoint,ruptures_changepoint_family,amplitude_regime,0.190769,baseline_or_amplitude_sufficient
inconclusive,amplitude_regime_03,0,hmmlearn,1,1,direct_optional_package,synthetic_known_truth,Comparator decisions test whether a generic summary can substitute for the declared RhoDyn decision object on the same input. They are not mechanistic biological calls.,hmmlearn.GaussianHMM,hmmlearn_gaussian_hmm_family,amplitude_regime,0.84,baseline_or_amplitude_sufficient
baseline_or_amplitude_sufficient,amplitude_regime_04,1,,0,0,rhodyn_public_api,synthetic_known_truth,Decision divergence reports whether the declared residence window changes the interpretation relative to the declared comparator. It is not a mechanism-discovery statistic.,RhoDyn_method_object,rhodyn_method_object,amplitude_regime,-1.0,baseline_or_amplitude_sufficient
inconclusive,amplitude_regime_04,0,,0,0,rhodyn_internal,synthetic_known_truth,Comparator decisions test whether a generic summary can substitute for the declared RhoDyn decision object on the same input. They are not mechanistic biological calls.,endpoint_value,internal_simple_summary,amplitude_regime,0.16,baseline_or_amplitude_sufficient
baseline_or_amplitude_sufficient,amplitude_regime_04,1,,0,0,rhodyn_internal,synthetic_known_truth,Comparator decisions test whether a generic summary can substitute for the declared RhoDyn decision object on the same input. They are not mechanistic biological calls.,peak_amplitude,internal_simple_summary,amplitude_regime,0.92,baseline_or_amplitude_sufficient
inconclusive,amplitude_regime_04,0,,0,0,rhodyn_internal,synthetic_known_truth,Comparator decisions test whether a generic summary can substitute for the declared RhoDyn decision object on the same input. They are not mechanistic biological calls.,mean_activity_auc,internal_simple_summary,amplitude_regime,0.313333,baseline_or_amplitude_sufficient
inconclusive,amplitude_regime_04,0,,0,0,rhodyn_internal,synthetic_known_truth,Comparator decisions test whether a generic summary can substitute for the declared RhoDyn decision object on the same input. They are not mechanistic biological calls.,threshold_occupancy,internal_simple_summary,amplitude_regime,0.1875,baseline_or_amplitude_sufficient
baseline_or_amplitude_sufficient,amplitude_regime_04,1,,0,0,rhodyn_internal,synthetic_known_truth,Comparator decisions test whether a generic summary can substitute for the declared RhoDyn decision object on the same input. They are not mechanistic biological calls.,latency_to_peak,internal_simple_summary,amplitude_regime,2.0,baseline_or_amplitude_sufficient
baseline_or_amplitude_sufficient,amplitude_regime_04,1,scipy,1,1,direct_optional_package,synthetic_known_truth,Comparator decisions test whether a generic summary can substitute for the declared RhoDyn decision object on the same input. They are not mechanistic biological calls.,scipy.signal.find_peaks,scipy_signal_peak_detection,amplitude_regime,1.533333,baseline_or_amplitude_sufficient
baseline_or_amplitude_sufficient,amplitude_regime_04,1,pycatch22,0,0,standard_library_compatibility,synthetic_known_truth,Comparator decisions test whether a generic summary can substitute for the declared RhoDyn decision object on the same input. They are not mechanistic biological calls.,catch22_style_feature_screen,catch22_feature_family,amplitude_regime,-0.550648,baseline_or_amplitude_sufficient
inconclusive,amplitude_regime_04,0,tsfresh,0,0,standard_library_compatibility,synthetic_known_truth,Comparator decisions test whether a generic summary can substitute for the declared RhoDyn decision object on the same input. They are not mechanistic biological calls.,tsfresh_style_selected_features,tsfresh_feature_family,amplitude_regime,0.463,baseline_or_amplitude_sufficient
baseline_or_amplitude_sufficient,amplitude_regime_04,1,sktime,0,0,standard_library_compatibility,synthetic_known_truth,Comparator decisions test whether a generic summary can substitute for the declared RhoDyn decision object on the same input. They are not mechanistic biological calls.,MiniROCKET_style_interval_kernels,rocket_interval_kernel_family,amplitude_regime,5.222333,baseline_or_amplitude_sufficient
inconclusive,amplitude_regime_04,0,ruptures,0,0,standard_library_compatibility,synthetic_known_truth,Comparator decisions test whether a generic summary can substitute for the declared RhoDyn decision object on the same input. They are not mechanistic biological calls.,ruptures_style_single_changepoint,ruptures_changepoint_family,amplitude_regime,0.191667,baseline_or_amplitude_sufficient
inconclusive,amplitude_regime_04,0,hmmlearn,1,1,direct_optional_package,synthetic_known_truth,Comparator decisions test whether a generic summary can substitute for the declared RhoDyn decision object on the same input. They are not mechanistic biological calls.,hmmlearn.GaussianHMM,hmmlearn_gaussian_hmm_family,amplitude_regime,0.76,baseline_or_amplitude_sufficient
baseline_or_amplitude_sufficient,amplitude_regime_05,1,,0,0,rhodyn_public_api,synthetic_known_truth,Decision divergence reports whether the declared residence window changes the interpretation relative to the declared comparator. It is not a mechanism-discovery statistic.,RhoDyn_method_object,rhodyn_method_object,amplitude_regime,-1.0,baseline_or_amplitude_sufficient
inconclusive,amplitude_regime_05,0,,0,0,rhodyn_internal,synthetic_known_truth,Comparator decisions test whether a generic summary can substitute for the declared RhoDyn decision object on the same input. They are not mechanistic biological calls.,endpoint_value,internal_simple_summary,amplitude_regime,0.18,baseline_or_amplitude_sufficient
baseline_or_amplitude_sufficient,amplitude_regime_05,1,,0,0,rhodyn_internal,synthetic_known_truth,Comparator decisions test whether a generic summary can substitute for the declared RhoDyn decision object on the same input. They are not mechanistic biological calls.,peak_amplitude,internal_simple_summary,amplitude_regime,0.94,baseline_or_amplitude_sufficient
inconclusive,amplitude_regime_05,0,,0,0,rhodyn_internal,synthetic_known_truth,Comparator decisions test whether a generic summary can substitute for the declared RhoDyn decision object on the same input. They are not mechanistic biological calls.,mean_activity_auc,internal_simple_summary,amplitude_regime,0.317333,baseline_or_amplitude_sufficient
inconclusive,amplitude_regime_05,0,,0,0,rhodyn_internal,synthetic_known_truth,Comparator decisions test whether a generic summary can substitute for the declared RhoDyn decision object on the same input. They are not mechanistic biological calls.,threshold_occupancy,internal_simple_summary,amplitude_regime,0.1875,baseline_or_amplitude_sufficient
inconclusive,amplitude_regime_05,0,,0,0,rhodyn_internal,synthetic_known_truth,Comparator decisions test whether a generic summary can substitute for the declared RhoDyn decision object on the same input. They are not mechanistic biological calls.,latency_to_peak,internal_simple_summary,amplitude_regime,3.0,baseline_or_amplitude_sufficient
baseline_or_amplitude_sufficient,amplitude_regime_05,1,scipy,1,1,direct_optional_package,synthetic_known_truth,Comparator decisions test whether a generic summary can substitute for the declared RhoDyn decision object on the same input. They are not mechanistic biological calls.,scipy.signal.find_peaks,scipy_signal_peak_detection,amplitude_regime,1.504,baseline_or_amplitude_sufficient
baseline_or_amplitude_sufficient,amplitude_regime_05,1,pycatch22,0,0,standard_library_compatibility,synthetic_known_truth,Comparator decisions test whether a generic summary can substitute for the declared RhoDyn decision object on the same input. They are not mechanistic biological calls.,catch22_style_feature_screen,catch22_feature_family,amplitude_regime,-0.558252,baseline_or_amplitude_sufficient
inconclusive,amplitude_regime_05,0,tsfresh,0,0,standard_library_compatibility,synthetic_known_truth,Comparator decisions test whether a generic summary can substitute for the declared RhoDyn decision object on the same input. They are not mechanistic biological calls.,tsfresh_style_selected_features,tsfresh_feature_family,amplitude_regime,0.4718,baseline_or_amplitude_sufficient
baseline_or_amplitude_sufficient,amplitude_regime_05,1,sktime,0,0,standard_library_compatibility,synthetic_known_truth,Comparator decisions test whether a generic summary can substitute for the declared RhoDyn decision object on the same input. They are not mechanistic biological calls.,MiniROCKET_style_interval_kernels,rocket_interval_kernel_family,amplitude_regime,4.880109,baseline_or_amplitude_sufficient
inconclusive,amplitude_regime_05,0,ruptures,0,0,standard_library_compatibility,synthetic_known_truth,Comparator decisions test whether a generic summary can substitute for the declared RhoDyn decision object on the same input. They are not mechanistic biological calls.,ruptures_style_single_changepoint,ruptures_changepoint_family,amplitude_regime,0.210545,baseline_or_amplitude_sufficient
inconclusive,amplitude_regime_05,0,hmmlearn,1,1,direct_optional_package,synthetic_known_truth,Comparator decisions test whether a generic summary can substitute for the declared RhoDyn decision object on the same input. They are not mechanistic biological calls.,hmmlearn.GaussianHMM,hmmlearn_gaussian_hmm_family,amplitude_regime,0.76,baseline_or_amplitude_sufficient
baseline_or_amplitude_sufficient,amplitude_regime_06,1,,0,0,rhodyn_public_api,synthetic_known_truth,Decision divergence reports whether the declared residence window changes the interpretation relative to the declared comparator. It is not a mechanism-discovery statistic.,RhoDyn_method_object,rhodyn_method_object,amplitude_regime,-1.0,baseline_or_amplitude_sufficient
inconclusive,amplitude_regime_06,0,,0,0,rhodyn_internal,synthetic_known_truth,Comparator decisions test whether a generic summary can substitute for the declared RhoDyn decision object on the same input. They are not mechanistic biological calls.,endpoint_value,internal_simple_summary,amplitude_regime,0.14,baseline_or_amplitude_sufficient
baseline_or_amplitude_sufficient,amplitude_regime_06,1,,0,0,rhodyn_internal,synthetic_known_truth,Comparator decisions test whether a generic summary can substitute for the declared RhoDyn decision object on the same input. They are not mechanistic biological calls.,peak_amplitude,internal_simple_summary,amplitude_regime,0.96,baseline_or_amplitude_sufficient
inconclusive,amplitude_regime_06,0,,0,0,rhodyn_internal,synthetic_known_truth,Comparator decisions test whether a generic summary can substitute for the declared RhoDyn decision object on the same input. They are not mechanistic biological calls.,mean_activity_auc,internal_simple_summary,amplitude_regime,0.32,baseline_or_amplitude_sufficient
inconclusive,amplitude_regime_06,0,,0,0,rhodyn_internal,synthetic_known_truth,Comparator decisions test whether a generic summary can substitute for the declared RhoDyn decision object on the same input. They are not mechanistic biological calls.,threshold_occupancy,internal_simple_summary,amplitude_regime,0.1875,baseline_or_amplitude_sufficient
baseline_or_amplitude_sufficient,amplitude_regime_06,1,,0,0,rhodyn_internal,synthetic_known_truth,Comparator decisions test whether a generic summary can substitute for the declared RhoDyn decision object on the same input. They are not mechanistic biological calls.,latency_to_peak,internal_simple_summary,amplitude_regime,2.0,baseline_or_amplitude_sufficient
baseline_or_amplitude_sufficient,amplitude_regime_06,1,scipy,1,1,direct_optional_package,synthetic_known_truth,Comparator decisions test whether a generic summary can substitute for the declared RhoDyn decision object on the same input. They are not mechanistic biological calls.,scipy.signal.find_peaks,scipy_signal_peak_detection,amplitude_regime,1.536,baseline_or_amplitude_sufficient
baseline_or_amplitude_sufficient,amplitude_regime_06,1,pycatch22,0,0,standard_library_compatibility,synthetic_known_truth,Comparator decisions test whether a generic summary can substitute for the declared RhoDyn decision object on the same input. They are not mechanistic biological calls.,catch22_style_feature_screen,catch22_feature_family,amplitude_regime,-0.573738,baseline_or_amplitude_sufficient
inconclusive,amplitude_regime_06,0,tsfresh,0,0,standard_library_compatibility,synthetic_known_truth,Comparator decisions test whether a generic summary can substitute for the declared RhoDyn decision object on the same input. They are not mechanistic biological calls.,tsfresh_style_selected_features,tsfresh_feature_family,amplitude_regime,0.48,baseline_or_amplitude_sufficient
baseline_or_amplitude_sufficient,amplitude_regime_06,1,sktime,0,0,standard_library_compatibility,synthetic_known_truth,Comparator decisions test whether a generic summary can substitute for the declared RhoDyn decision object on the same input. They are not mechanistic biological calls.,MiniROCKET_style_interval_kernels,rocket_interval_kernel_family,amplitude_regime,4.878615,baseline_or_amplitude_sufficient
inconclusive,amplitude_regime_06,0,ruptures,0,0,standard_library_compatibility,synthetic_known_truth,Comparator decisions test whether a generic summary can substitute for the declared RhoDyn decision object on the same input. They are not mechanistic biological calls.,ruptures_style_single_changepoint,ruptures_changepoint_family,amplitude_regime,0.183077,baseline_or_amplitude_sufficient
inconclusive,amplitude_regime_06,0,hmmlearn,1,1,direct_optional_package,synthetic_known_truth,Comparator decisions test whether a generic summary can substitute for the declared RhoDyn decision object on the same input. They are not mechanistic biological calls.,hmmlearn.GaussianHMM,hmmlearn_gaussian_hmm_family,amplitude_regime,0.82,baseline_or_amplitude_sufficient
baseline_or_amplitude_sufficient,amplitude_regime_07,1,,0,0,rhodyn_public_api,synthetic_known_truth,Decision divergence reports whether the declared residence window changes the interpretation relative to the declared comparator. It is not a mechanism-discovery statistic.,RhoDyn_method_object,rhodyn_method_object,amplitude_regime,-1.0,baseline_or_amplitude_sufficient
inconclusive,amplitude_regime_07,0,,0,0,rhodyn_internal,synthetic_known_truth,Comparator decisions test whether a generic summary can substitute for the declared RhoDyn decision object on the same input. They are not mechanistic biological calls.,endpoint_value,internal_simple_summary,amplitude_regime,0.16,baseline_or_amplitude_sufficient
baseline_or_amplitude_sufficient,amplitude_regime_07,1,,0,0,rhodyn_internal,synthetic_known_truth,Comparator decisions test whether a generic summary can substitute for the declared RhoDyn decision object on the same input. They are not mechanistic biological calls.,peak_amplitude,internal_simple_summary,amplitude_regime,0.98,baseline_or_amplitude_sufficient
inconclusive,amplitude_regime_07,0,,0,0,rhodyn_internal,synthetic_known_truth,Comparator decisions test whether a generic summary can substitute for the declared RhoDyn decision object on the same input. They are not mechanistic biological calls.,mean_activity_auc,internal_simple_summary,amplitude_regime,0.324,baseline_or_amplitude_sufficient
inconclusive,amplitude_regime_07,0,,0,0,rhodyn_internal,synthetic_known_truth,Comparator decisions test whether a generic summary can substitute for the declared RhoDyn decision object on the same input. They are not mechanistic biological calls.,threshold_occupancy,internal_simple_summary,amplitude_regime,0.1875,baseline_or_amplitude_sufficient
inconclusive,amplitude_regime_07,0,,0,0,rhodyn_internal,synthetic_known_truth,Comparator decisions test whether a generic summary can substitute for the declared RhoDyn decision object on the same input. They are not mechanistic biological calls.,latency_to_peak,internal_simple_summary,amplitude_regime,3.0,baseline_or_amplitude_sufficient
baseline_or_amplitude_sufficient,amplitude_regime_07,1,scipy,1,1,direct_optional_package,synthetic_known_truth,Comparator decisions test whether a generic summary can substitute for the declared RhoDyn decision object on the same input. They are not mechanistic biological calls.,scipy.signal.find_peaks,scipy_signal_peak_detection,amplitude_regime,1.633333,baseline_or_amplitude_sufficient
baseline_or_amplitude_sufficient,amplitude_regime_07,1,pycatch22,0,0,standard_library_compatibility,synthetic_known_truth,Comparator decisions test whether a generic summary can substitute for the declared RhoDyn decision object on the same input. They are not mechanistic biological calls.,catch22_style_feature_screen,catch22_feature_family,amplitude_regime,-0.581122,baseline_or_amplitude_sufficient
inconclusive,amplitude_regime_07,0,tsfresh,0,0,standard_library_compatibility,synthetic_known_truth,Comparator decisions test whether a generic summary can substitute for the declared RhoDyn decision object on the same input. They are not mechanistic biological calls.,tsfresh_style_selected_features,tsfresh_feature_family,amplitude_regime,0.4888,baseline_or_amplitude_sufficient
baseline_or_amplitude_sufficient,amplitude_regime_07,1,sktime,0,0,standard_library_compatibility,synthetic_known_truth,Comparator decisions test whether a generic summary can substitute for the declared RhoDyn decision object on the same input. They are not mechanistic biological calls.,MiniROCKET_style_interval_kernels,rocket_interval_kernel_family,amplitude_regime,5.237,baseline_or_amplitude_sufficient
inconclusive,amplitude_regime_07,0,ruptures,0,0,standard_library_compatibility,synthetic_known_truth,Comparator decisions test whether a generic summary can substitute for the declared RhoDyn decision object on the same input. They are not mechanistic biological calls.,ruptures_style_single_changepoint,ruptures_changepoint_family,amplitude_regime,0.205,baseline_or_amplitude_sufficient
inconclusive,amplitude_regime_07,0,hmmlearn,1,1,direct_optional_package,synthetic_known_truth,Comparator decisions test whether a generic summary can substitute for the declared RhoDyn decision object on the same input. They are not mechanistic biological calls.,hmmlearn.GaussianHMM,hmmlearn_gaussian_hmm_family,amplitude_regime,0.82,baseline_or_amplitude_sufficient
baseline_or_amplitude_sufficient,amplitude_regime_08,1,,0,0,rhodyn_public_api,synthetic_known_truth,Decision divergence reports whether the declared residence window changes the interpretation relative to the declared comparator. It is not a mechanism-discovery statistic.,RhoDyn_method_object,rhodyn_method_object,amplitude_regime,-1.0,baseline_or_amplitude_sufficient
inconclusive,amplitude_regime_08,0,,0,0,rhodyn_internal,synthetic_known_truth,Comparator decisions test whether a generic summary can substitute for the declared RhoDyn decision object on the same input. They are not mechanistic biological calls.,endpoint_value,internal_simple_summary,amplitude_regime,0.18,baseline_or_amplitude_sufficient
baseline_or_amplitude_sufficient,amplitude_regime_08,1,,0,0,rhodyn_internal,synthetic_known_truth,Comparator decisions test whether a generic summary can substitute for the declared RhoDyn decision object on the same input. They are not mechanistic biological calls.,peak_amplitude,internal_simple_summary,amplitude_regime,0.92,baseline_or_amplitude_sufficient
inconclusive,amplitude_regime_08,0,,0,0,rhodyn_internal,synthetic_known_truth,Comparator decisions test whether a generic summary can substitute for the declared RhoDyn decision object on the same input. They are not mechanistic biological calls.,mean_activity_auc,internal_simple_summary,amplitude_regime,0.314667,baseline_or_amplitude_sufficient
inconclusive,amplitude_regime_08,0,,0,0,rhodyn_internal,synthetic_known_truth,Comparator decisions test whether a generic summary can substitute for the declared RhoDyn decision object on the same input. They are not mechanistic biological calls.,threshold_occupancy,internal_simple_summary,amplitude_regime,0.1875,baseline_or_amplitude_sufficient
baseline_or_amplitude_sufficient,amplitude_regime_08,1,,0,0,rhodyn_internal,synthetic_known_truth,Comparator decisions test whether a generic summary can substitute for the declared RhoDyn decision object on the same input. They are not mechanistic biological calls.,latency_to_peak,internal_simple_summary,amplitude_regime,2.0,baseline_or_amplitude_sufficient
baseline_or_amplitude_sufficient,amplitude_regime_08,1,scipy,1,1,direct_optional_package,synthetic_known_truth,Comparator decisions test whether a generic summary can substitute for the declared RhoDyn decision object on the same input. They are not mechanistic biological calls.,scipy.signal.find_peaks,scipy_signal_peak_detection,amplitude_regime,1.472,baseline_or_amplitude_sufficient
baseline_or_amplitude_sufficient,amplitude_regime_08,1,pycatch22,0,0,standard_library_compatibility,synthetic_known_truth,Comparator decisions test whether a generic summary can substitute for the declared RhoDyn decision object on the same input. They are not mechanistic biological calls.,catch22_style_feature_screen,catch22_feature_family,amplitude_regime,-0.544219,baseline_or_amplitude_sufficient
inconclusive,amplitude_regime_08,0,tsfresh,0,0,standard_library_compatibility,synthetic_known_truth,Comparator decisions test whether a generic summary can substitute for the declared RhoDyn decision object on the same input. They are not mechanistic biological calls.,tsfresh_style_selected_features,tsfresh_feature_family,amplitude_regime,0.4636,baseline_or_amplitude_sufficient
baseline_or_amplitude_sufficient,amplitude_regime_08,1,sktime,0,0,standard_library_compatibility,synthetic_known_truth,Comparator decisions test whether a generic summary can substitute for the declared RhoDyn decision object on the same input. They are not mechanistic biological calls.,MiniROCKET_style_interval_kernels,rocket_interval_kernel_family,amplitude_regime,4.875382,baseline_or_amplitude_sufficient
inconclusive,amplitude_regime_08,0,ruptures,0,0,standard_library_compatibility,synthetic_known_truth,Comparator decisions test whether a generic summary can substitute for the declared RhoDyn decision object on the same input. They are not mechanistic biological calls.,ruptures_style_single_changepoint,ruptures_changepoint_family,amplitude_regime,0.206909,baseline_or_amplitude_sufficient
inconclusive,amplitude_regime_08,0,hmmlearn,1,1,direct_optional_package,synthetic_known_truth,Comparator decisions test whether a generic summary can substitute for the declared RhoDyn decision object on the same input. They are not mechanistic biological calls.,hmmlearn.GaussianHMM,hmmlearn_gaussian_hmm_family,amplitude_regime,0.74,baseline_or_amplitude_sufficient
baseline_or_amplitude_sufficient,amplitude_regime_09,1,,0,0,rhodyn_public_api,synthetic_known_truth,Decision divergence reports whether the declared residence window changes the interpretation relative to the declared comparator. It is not a mechanism-discovery statistic.,RhoDyn_method_object,rhodyn_method_object,amplitude_regime,-1.0,baseline_or_amplitude_sufficient
inconclusive,amplitude_regime_09,0,,0,0,rhodyn_internal,synthetic_known_truth,Comparator decisions test whether a generic summary can substitute for the declared RhoDyn decision object on the same input. They are not mechanistic biological calls.,endpoint_value,internal_simple_summary,amplitude_regime,0.14,baseline_or_amplitude_sufficient
baseline_or_amplitude_sufficient,amplitude_regime_09,1,,0,0,rhodyn_internal,synthetic_known_truth,Comparator decisions test whether a generic summary can substitute for the declared RhoDyn decision object on the same input. They are not mechanistic biological calls.,peak_amplitude,internal_simple_summary,amplitude_regime,0.94,baseline_or_amplitude_sufficient
inconclusive,amplitude_regime_09,0,,0,0,rhodyn_internal,synthetic_known_truth,Comparator decisions test whether a generic summary can substitute for the declared RhoDyn decision object on the same input. They are not mechanistic biological calls.,mean_activity_auc,internal_simple_summary,amplitude_regime,0.318667,baseline_or_amplitude_sufficient
inconclusive,amplitude_regime_09,0,,0,0,rhodyn_internal,synthetic_known_truth,Comparator decisions test whether a generic summary can substitute for the declared RhoDyn decision object on the same input. They are not mechanistic biological calls.,threshold_occupancy,internal_simple_summary,amplitude_regime,0.1875,baseline_or_amplitude_sufficient
inconclusive,amplitude_regime_09,0,,0,0,rhodyn_internal,synthetic_known_truth,Comparator decisions test whether a generic summary can substitute for the declared RhoDyn decision object on the same input. They are not mechanistic biological calls.,latency_to_peak,internal_simple_summary,amplitude_regime,3.0,baseline_or_amplitude_sufficient
baseline_or_amplitude_sufficient,amplitude_regime_09,1,scipy,1,1,direct_optional_package,synthetic_known_truth,Comparator decisions test whether a generic summary can substitute for the declared RhoDyn decision object on the same input. They are not mechanistic biological calls.,scipy.signal.find_peaks,scipy_signal_peak_detection,amplitude_regime,1.504,baseline_or_amplitude_sufficient
baseline_or_amplitude_sufficient,amplitude_regime_09,1,pycatch22,0,0,standard_library_compatibility,synthetic_known_truth,Comparator decisions test whether a generic summary can substitute for the declared RhoDyn decision object on the same input. They are not mechanistic biological calls.,catch22_style_feature_screen,catch22_feature_family,amplitude_regime,-0.553802,baseline_or_amplitude_sufficient
inconclusive,amplitude_regime_09,0,tsfresh,0,0,standard_library_compatibility,synthetic_known_truth,Comparator decisions test whether a generic summary can substitute for the declared RhoDyn decision object on the same input. They are not mechanistic biological calls.,tsfresh_style_selected_features,tsfresh_feature_family,amplitude_regime,0.4724,baseline_or_amplitude_sufficient
baseline_or_amplitude_sufficient,amplitude_regime_09,1,sktime,0,0,standard_library_compatibility,synthetic_known_truth,Comparator decisions test whether a generic summary can substitute for the declared RhoDyn decision object on the same input. They are not mechanistic biological calls.,MiniROCKET_style_interval_kernels,rocket_interval_kernel_family,amplitude_regime,4.874308,baseline_or_amplitude_sufficient
inconclusive,amplitude_regime_09,0,ruptures,0,0,standard_library_compatibility,synthetic_known_truth,Comparator decisions test whether a generic summary can substitute for the declared RhoDyn decision object on the same input. They are not mechanistic biological calls.,ruptures_style_single_changepoint,ruptures_changepoint_family,amplitude_regime,0.181538,baseline_or_amplitude_sufficient
inconclusive,amplitude_regime_09,0,hmmlearn,1,1,direct_optional_package,synthetic_known_truth,Comparator decisions test whether a generic summary can substitute for the declared RhoDyn decision object on the same input. They are not mechanistic biological calls.,hmmlearn.GaussianHMM,hmmlearn_gaussian_hmm_family,amplitude_regime,0.8,baseline_or_amplitude_sufficient
baseline_or_amplitude_sufficient,amplitude_regime_10,1,,0,0,rhodyn_public_api,synthetic_known_truth,Decision divergence reports whether the declared residence window changes the interpretation relative to the declared comparator. It is not a mechanism-discovery statistic.,RhoDyn_method_object,rhodyn_method_object,amplitude_regime,-1.0,baseline_or_amplitude_sufficient
inconclusive,amplitude_regime_10,0,,0,0,rhodyn_internal,synthetic_known_truth,Comparator decisions test whether a generic summary can substitute for the declared RhoDyn decision object on the same input. They are not mechanistic biological calls.,endpoint_value,internal_simple_summary,amplitude_regime,0.16,baseline_or_amplitude_sufficient
baseline_or_amplitude_sufficient,amplitude_regime_10,1,,0,0,rhodyn_internal,synthetic_known_truth,Comparator decisions test whether a generic summary can substitute for the declared RhoDyn decision object on the same input. They are not mechanistic biological calls.,peak_amplitude,internal_simple_summary,amplitude_regime,0.96,baseline_or_amplitude_sufficient
inconclusive,amplitude_regime_10,0,,0,0,rhodyn_internal,synthetic_known_truth,Comparator decisions test whether a generic summary can substitute for the declared RhoDyn decision object on the same input. They are not mechanistic biological calls.,mean_activity_auc,internal_simple_summary,amplitude_regime,0.321333,baseline_or_amplitude_sufficient
inconclusive,amplitude_regime_10,0,,0,0,rhodyn_internal,synthetic_known_truth,Comparator decisions test whether a generic summary can substitute for the declared RhoDyn decision object on the same input. They are not mechanistic biological calls.,threshold_occupancy,internal_simple_summary,amplitude_regime,0.1875,baseline_or_amplitude_sufficient
baseline_or_amplitude_sufficient,amplitude_regime_10,1,,0,0,rhodyn_internal,synthetic_known_truth,Comparator decisions test whether a generic summary can substitute for the declared RhoDyn decision object on the same input. They are not mechanistic biological calls.,latency_to_peak,internal_simple_summary,amplitude_regime,2.0,baseline_or_amplitude_sufficient
baseline_or_amplitude_sufficient,amplitude_regime_10,1,scipy,1,1,direct_optional_package,synthetic_known_truth,Comparator decisions test whether a generic summary can substitute for the declared RhoDyn decision object on the same input. They are not mechanistic biological calls.,scipy.signal.find_peaks,scipy_signal_peak_detection,amplitude_regime,1.6,baseline_or_amplitude_sufficient
baseline_or_amplitude_sufficient,amplitude_regime_10,1,pycatch22,0,0,standard_library_compatibility,synthetic_known_truth,Comparator decisions test whether a generic summary can substitute for the declared RhoDyn decision object on the same input. They are not mechanistic biological calls.,catch22_style_feature_screen,catch22_feature_family,amplitude_regime,-0.567023,baseline_or_amplitude_sufficient
inconclusive,amplitude_regime_10,0,tsfresh,0,0,standard_library_compatibility,synthetic_known_truth,Comparator decisions test whether a generic summary can substitute for the declared RhoDyn decision object on the same input. They are not mechanistic biological calls.,tsfresh_style_selected_features,tsfresh_feature_family,amplitude_regime,0.4806,baseline_or_amplitude_sufficient
baseline_or_amplitude_sufficient,amplitude_regime_10,1,sktime,0,0,standard_library_compatibility,synthetic_known_truth,Comparator decisions test whether a generic summary can substitute for the declared RhoDyn decision object on the same input. They are not mechanistic biological calls.,MiniROCKET_style_interval_kernels,rocket_interval_kernel_family,amplitude_regime,5.232333,baseline_or_amplitude_sufficient
inconclusive,amplitude_regime_10,0,ruptures,0,0,standard_library_compatibility,synthetic_known_truth,Comparator decisions test whether a generic summary can substitute for the declared RhoDyn decision object on the same input. They are not mechanistic biological calls.,ruptures_style_single_changepoint,ruptures_changepoint_family,amplitude_regime,0.201667,baseline_or_amplitude_sufficient
inconclusive,amplitude_regime_10,0,hmmlearn,1,1,direct_optional_package,synthetic_known_truth,Comparator decisions test whether a generic summary can substitute for the declared RhoDyn decision object on the same input. They are not mechanistic biological calls.,hmmlearn.GaussianHMM,hmmlearn_gaussian_hmm_family,amplitude_regime,0.8,baseline_or_amplitude_sufficient
baseline_or_amplitude_sufficient,amplitude_regime_11,1,,0,0,rhodyn_public_api,synthetic_known_truth,Decision divergence reports whether the declared residence window changes the interpretation relative to the declared comparator. It is not a mechanism-discovery statistic.,RhoDyn_method_object,rhodyn_method_object,amplitude_regime,-1.0,baseline_or_amplitude_sufficient
inconclusive,amplitude_regime_11,0,,0,0,rhodyn_internal,synthetic_known_truth,Comparator decisions test whether a generic summary can substitute for the declared RhoDyn decision object on the same input. They are not mechanistic biological calls.,endpoint_value,internal_simple_summary,amplitude_regime,0.18,baseline_or_amplitude_sufficient
baseline_or_amplitude_sufficient,amplitude_regime_11,1,,0,0,rhodyn_internal,synthetic_known_truth,Comparator decisions test whether a generic summary can substitute for the declared RhoDyn decision object on the same input. They are not mechanistic biological calls.,peak_amplitude,internal_simple_summary,amplitude_regime,0.98,baseline_or_amplitude_sufficient
inconclusive,amplitude_regime_11,0,,0,0,rhodyn_internal,synthetic_known_truth,Comparator decisions test whether a generic summary can substitute for the declared RhoDyn decision object on the same input. They are not mechanistic biological calls.,mean_activity_auc,internal_simple_summary,amplitude_regime,0.325333,baseline_or_amplitude_sufficient
inconclusive,amplitude_regime_11,0,,0,0,rhodyn_internal,synthetic_known_truth,Comparator decisions test whether a generic summary can substitute for the declared RhoDyn decision object on the same input. They are not mechanistic biological calls.,threshold_occupancy,internal_simple_summary,amplitude_regime,0.1875,baseline_or_amplitude_sufficient
inconclusive,amplitude_regime_11,0,,0,0,rhodyn_internal,synthetic_known_truth,Comparator decisions test whether a generic summary can substitute for the declared RhoDyn decision object on the same input. They are not mechanistic biological calls.,latency_to_peak,internal_simple_summary,amplitude_regime,3.0,baseline_or_amplitude_sufficient
baseline_or_amplitude_sufficient,amplitude_regime_11,1,scipy,1,1,direct_optional_package,synthetic_known_truth,Comparator decisions test whether a generic summary can substitute for the declared RhoDyn decision object on the same input. They are not mechanistic biological calls.,scipy.signal.find_peaks,scipy_signal_peak_detection,amplitude_regime,1.568,baseline_or_amplitude_sufficient
baseline_or_amplitude_sufficient,amplitude_regime_11,1,pycatch22,0,0,standard_library_compatibility,synthetic_known_truth,Comparator decisions test whether a generic summary can substitute for the declared RhoDyn decision object on the same input. They are not mechanistic biological calls.,catch22_style_feature_screen,catch22_feature_family,amplitude_regime,-0.574613,baseline_or_amplitude_sufficient
inconclusive,amplitude_regime_11,0,tsfresh,0,0,standard_library_compatibility,synthetic_known_truth,Comparator decisions test whether a generic summary can substitute for the declared RhoDyn decision object on the same input. They are not mechanistic biological calls.,tsfresh_style_selected_features,tsfresh_feature_family,amplitude_regime,0.4894,baseline_or_amplitude_sufficient
baseline_or_amplitude_sufficient,amplitude_regime_11,1,sktime,0,0,standard_library_compatibility,synthetic_known_truth,Comparator decisions test whether a generic summary can substitute for the declared RhoDyn decision object on the same input. They are not mechanistic biological calls.,MiniROCKET_style_interval_kernels,rocket_interval_kernel_family,amplitude_regime,4.890291,baseline_or_amplitude_sufficient
inconclusive,amplitude_regime_11,0,ruptures,0,0,standard_library_compatibility,synthetic_known_truth,Comparator decisions test whether a generic summary can substitute for the declared RhoDyn decision object on the same input. They are not mechanistic biological calls.,ruptures_style_single_changepoint,ruptures_changepoint_family,amplitude_regime,0.221455,baseline_or_amplitude_sufficient
inconclusive,amplitude_regime_11,0,hmmlearn,1,1,direct_optional_package,synthetic_known_truth,Comparator decisions test whether a generic summary can substitute for the declared RhoDyn decision object on the same input. They are not mechanistic biological calls.,hmmlearn.GaussianHMM,hmmlearn_gaussian_hmm_family,amplitude_regime,0.8,baseline_or_amplitude_sufficient
inconclusive,ambiguous_regime_00,1,,0,0,rhodyn_public_api,synthetic_known_truth,Decision divergence reports whether the declared residence window changes the interpretation relative to the declared comparator. It is not a mechanism-discovery statistic.,RhoDyn_method_object,rhodyn_method_object,ambiguous_regime,0.0,inconclusive
inconclusive,ambiguous_regime_00,1,,0,0,rhodyn_internal,synthetic_known_truth,Comparator decisions test whether a generic summary can substitute for the declared RhoDyn decision object on the same input. They are not mechanistic biological calls.,endpoint_value,internal_simple_summary,ambiguous_regime,0.773006,inconclusive
inconclusive,ambiguous_regime_00,1,,0,0,rhodyn_internal,synthetic_known_truth,Comparator decisions test whether a generic summary can substitute for the declared RhoDyn decision object on the same input. They are not mechanistic biological calls.,peak_amplitude,internal_simple_summary,ambiguous_regime,0.776829,inconclusive
inconclusive,ambiguous_regime_00,1,,0,0,rhodyn_internal,synthetic_known_truth,Comparator decisions test whether a generic summary can substitute for the declared RhoDyn decision object on the same input. They are not mechanistic biological calls.,mean_activity_auc,internal_simple_summary,ambiguous_regime,0.552147,inconclusive
inconclusive,ambiguous_regime_00,1,,0,0,rhodyn_internal,synthetic_known_truth,Comparator decisions test whether a generic summary can substitute for the declared RhoDyn decision object on the same input. They are not mechanistic biological calls.,threshold_occupancy,internal_simple_summary,ambiguous_regime,0.0,inconclusive
inconclusive,ambiguous_regime_00,1,,0,0,rhodyn_internal,synthetic_known_truth,Comparator decisions test whether a generic summary can substitute for the declared RhoDyn decision object on the same input. They are not mechanistic biological calls.,latency_to_peak,internal_simple_summary,ambiguous_regime,1.0,inconclusive
baseline_or_amplitude_sufficient,ambiguous_regime_00,0,scipy,1,1,direct_optional_package,synthetic_known_truth,Comparator decisions test whether a generic summary can substitute for the declared RhoDyn decision object on the same input. They are not mechanistic biological calls.,scipy.signal.find_peaks,scipy_signal_peak_detection,ambiguous_regime,1.50187,inconclusive
inconclusive,ambiguous_regime_00,1,pycatch22,0,0,standard_library_compatibility,synthetic_known_truth,Comparator decisions test whether a generic summary can substitute for the declared RhoDyn decision object on the same input. They are not mechanistic biological calls.,catch22_style_feature_screen,catch22_feature_family,ambiguous_regime,-1.210818,inconclusive
inconclusive,ambiguous_regime_00,1,tsfresh,0,0,standard_library_compatibility,synthetic_known_truth,Comparator decisions test whether a generic summary can substitute for the declared RhoDyn decision object on the same input. They are not mechanistic biological calls.,tsfresh_style_selected_features,tsfresh_feature_family,ambiguous_regime,0.52613,inconclusive
baseline_or_amplitude_sufficient,ambiguous_regime_00,0,sktime,0,0,standard_library_compatibility,synthetic_known_truth,Comparator decisions test whether a generic summary can substitute for the declared RhoDyn decision object on the same input. They are not mechanistic biological calls.,MiniROCKET_style_interval_kernels,rocket_interval_kernel_family,ambiguous_regime,5.075383,inconclusive
residence_added_information,ambiguous_regime_00,0,ruptures,0,0,standard_library_compatibility,synthetic_known_truth,Comparator decisions test whether a generic summary can substitute for the declared RhoDyn decision object on the same input. They are not mechanistic biological calls.,ruptures_style_single_changepoint,ruptures_changepoint_family,ambiguous_regime,0.100087,inconclusive
inconclusive,ambiguous_regime_00,1,hmmlearn,1,1,direct_optional_package,synthetic_known_truth,Comparator decisions test whether a generic summary can substitute for the declared RhoDyn decision object on the same input. They are not mechanistic biological calls.,hmmlearn.GaussianHMM,hmmlearn_gaussian_hmm_family,ambiguous_regime,0.22441,inconclusive
inconclusive,ambiguous_regime_01,1,,0,0,rhodyn_public_api,synthetic_known_truth,Decision divergence reports whether the declared residence window changes the interpretation relative to the declared comparator. It is not a mechanism-discovery statistic.,RhoDyn_method_object,rhodyn_method_object,ambiguous_regime,0.0,inconclusive
inconclusive,ambiguous_regime_01,1,,0,0,rhodyn_internal,synthetic_known_truth,Comparator decisions test whether a generic summary can substitute for the declared RhoDyn decision object on the same input. They are not mechanistic biological calls.,endpoint_value,internal_simple_summary,ambiguous_regime,0.353006,inconclusive
inconclusive,ambiguous_regime_01,1,,0,0,rhodyn_internal,synthetic_known_truth,Comparator decisions test whether a generic summary can substitute for the declared RhoDyn decision object on the same input. They are not mechanistic biological calls.,peak_amplitude,internal_simple_summary,ambiguous_regime,0.779812,inconclusive
inconclusive,ambiguous_regime_01,1,,0,0,rhodyn_internal,synthetic_known_truth,Comparator decisions test whether a generic summary can substitute for the declared RhoDyn decision object on the same input. They are not mechanistic biological calls.,mean_activity_auc,internal_simple_summary,ambiguous_regime,0.552147,inconclusive
inconclusive,ambiguous_regime_01,1,,0,0,rhodyn_internal,synthetic_known_truth,Comparator decisions test whether a generic summary can substitute for the declared RhoDyn decision object on the same input. They are not mechanistic biological calls.,threshold_occupancy,internal_simple_summary,ambiguous_regime,0.0,inconclusive
inconclusive,ambiguous_regime_01,1,,0,0,rhodyn_internal,synthetic_known_truth,Comparator decisions test whether a generic summary can substitute for the declared RhoDyn decision object on the same input. They are not mechanistic biological calls.,latency_to_peak,internal_simple_summary,ambiguous_regime,14.0,inconclusive
baseline_or_amplitude_sufficient,ambiguous_regime_01,0,scipy,1,1,direct_optional_package,synthetic_known_truth,Comparator decisions test whether a generic summary can substitute for the declared RhoDyn decision object on the same input. They are not mechanistic biological calls.,scipy.signal.find_peaks,scipy_signal_peak_detection,ambiguous_regime,1.507637,inconclusive
inconclusive,ambiguous_regime_01,1,pycatch22,0,0,standard_library_compatibility,synthetic_known_truth,Comparator decisions test whether a generic summary can substitute for the declared RhoDyn decision object on the same input. They are not mechanistic biological calls.,catch22_style_feature_screen,catch22_feature_family,ambiguous_regime,-1.209802,inconclusive
inconclusive,ambiguous_regime_01,1,tsfresh,0,0,standard_library_compatibility,synthetic_known_truth,Comparator decisions test whether a generic summary can substitute for the declared RhoDyn decision object on the same input. They are not mechanistic biological calls.,tsfresh_style_selected_features,tsfresh_feature_family,ambiguous_regime,0.526827,inconclusive
baseline_or_amplitude_sufficient,ambiguous_regime_01,0,sktime,0,0,standard_library_compatibility,synthetic_known_truth,Comparator decisions test whether a generic summary can substitute for the declared RhoDyn decision object on the same input. They are not mechanistic biological calls.,MiniROCKET_style_interval_kernels,rocket_interval_kernel_family,ambiguous_regime,5.075471,inconclusive
residence_added_information,ambiguous_regime_01,0,ruptures,0,0,standard_library_compatibility,synthetic_known_truth,Comparator decisions test whether a generic summary can substitute for the declared RhoDyn decision object on the same input. They are not mechanistic biological calls.,ruptures_style_single_changepoint,ruptures_changepoint_family,ambiguous_regime,0.097541,inconclusive
inconclusive,ambiguous_regime_01,1,hmmlearn,1,1,direct_optional_package,synthetic_known_truth,Comparator decisions test whether a generic summary can substitute for the declared RhoDyn decision object on the same input. They are not mechanistic biological calls.,hmmlearn.GaussianHMM,hmmlearn_gaussian_hmm_family,ambiguous_regime,0.426806,inconclusive
inconclusive,ambiguous_regime_02,1,,0,0,rhodyn_public_api,synthetic_known_truth,Decision divergence reports whether the declared residence window changes the interpretation relative to the declared comparator. It is not a mechanism-discovery statistic.,RhoDyn_method_object,rhodyn_method_object,ambiguous_regime,0.0,inconclusive
inconclusive,ambiguous_regime_02,1,,0,0,rhodyn_internal,synthetic_known_truth,Comparator decisions test whether a generic summary can substitute for the declared RhoDyn decision object on the same input. They are not mechanistic biological calls.,endpoint_value,internal_simple_summary,ambiguous_regime,0.773006,inconclusive
inconclusive,ambiguous_regime_02,1,,0,0,rhodyn_internal,synthetic_known_truth,Comparator decisions test whether a generic summary can substitute for the declared RhoDyn decision object on the same input. They are not mechanistic biological calls.,peak_amplitude,internal_simple_summary,ambiguous_regime,0.776829,inconclusive
inconclusive,ambiguous_regime_02,1,,0,0,rhodyn_internal,synthetic_known_truth,Comparator decisions test whether a generic summary can substitute for the declared RhoDyn decision object on the same input. They are not mechanistic biological calls.,mean_activity_auc,internal_simple_summary,ambiguous_regime,0.552147,inconclusive
inconclusive,ambiguous_regime_02,1,,0,0,rhodyn_internal,synthetic_known_truth,Comparator decisions test whether a generic summary can substitute for the declared RhoDyn decision object on the same input. They are not mechanistic biological calls.,threshold_occupancy,internal_simple_summary,ambiguous_regime,0.0,inconclusive
inconclusive,ambiguous_regime_02,1,,0,0,rhodyn_internal,synthetic_known_truth,Comparator decisions test whether a generic summary can substitute for the declared RhoDyn decision object on the same input. They are not mechanistic biological calls.,latency_to_peak,internal_simple_summary,ambiguous_regime,1.0,inconclusive
baseline_or_amplitude_sufficient,ambiguous_regime_02,0,scipy,1,1,direct_optional_package,synthetic_known_truth,Comparator decisions test whether a generic summary can substitute for the declared RhoDyn decision object on the same input. They are not mechanistic biological calls.,scipy.signal.find_peaks,scipy_signal_peak_detection,ambiguous_regime,1.50187,inconclusive
inconclusive,ambiguous_regime_02,1,pycatch22,0,0,standard_library_compatibility,synthetic_known_truth,Comparator decisions test whether a generic summary can substitute for the declared RhoDyn decision object on the same input. They are not mechanistic biological calls.,catch22_style_feature_screen,catch22_feature_family,ambiguous_regime,-1.210818,inconclusive
inconclusive,ambiguous_regime_02,1,tsfresh,0,0,standard_library_compatibility,synthetic_known_truth,Comparator decisions test whether a generic summary can substitute for the declared RhoDyn decision object on the same input. They are not mechanistic biological calls.,tsfresh_style_selected_features,tsfresh_feature_family,ambiguous_regime,0.52613,inconclusive
baseline_or_amplitude_sufficient,ambiguous_regime_02,0,sktime,0,0,standard_library_compatibility,synthetic_known_truth,Comparator decisions test whether a generic summary can substitute for the declared RhoDyn decision object on the same input. They are not mechanistic biological calls.,MiniROCKET_style_interval_kernels,rocket_interval_kernel_family,ambiguous_regime,5.075383,inconclusive
residence_added_information,ambiguous_regime_02,0,ruptures,0,0,standard_library_compatibility,synthetic_known_truth,Comparator decisions test whether a generic summary can substitute for the declared RhoDyn decision object on the same input. They are not mechanistic biological calls.,ruptures_style_single_changepoint,ruptures_changepoint_family,ambiguous_regime,0.100087,inconclusive
inconclusive,ambiguous_regime_02,1,hmmlearn,1,1,direct_optional_package,synthetic_known_truth,Comparator decisions test whether a generic summary can substitute for the declared RhoDyn decision object on the same input. They are not mechanistic biological calls.,hmmlearn.GaussianHMM,hmmlearn_gaussian_hmm_family,ambiguous_regime,0.22441,inconclusive
inconclusive,ambiguous_regime_03,1,,0,0,rhodyn_public_api,synthetic_known_truth,Decision divergence reports whether the declared residence window changes the interpretation relative to the declared comparator. It is not a mechanism-discovery statistic.,RhoDyn_method_object,rhodyn_method_object,ambiguous_regime,0.0,inconclusive
inconclusive,ambiguous_regime_03,1,,0,0,rhodyn_internal,synthetic_known_truth,Comparator decisions test whether a generic summary can substitute for the declared RhoDyn decision object on the same input. They are not mechanistic biological calls.,endpoint_value,internal_simple_summary,ambiguous_regime,0.353006,inconclusive
inconclusive,ambiguous_regime_03,1,,0,0,rhodyn_internal,synthetic_known_truth,Comparator decisions test whether a generic summary can substitute for the declared RhoDyn decision object on the same input. They are not mechanistic biological calls.,peak_amplitude,internal_simple_summary,ambiguous_regime,0.779812,inconclusive
inconclusive,ambiguous_regime_03,1,,0,0,rhodyn_internal,synthetic_known_truth,Comparator decisions test whether a generic summary can substitute for the declared RhoDyn decision object on the same input. They are not mechanistic biological calls.,mean_activity_auc,internal_simple_summary,ambiguous_regime,0.552147,inconclusive
inconclusive,ambiguous_regime_03,1,,0,0,rhodyn_internal,synthetic_known_truth,Comparator decisions test whether a generic summary can substitute for the declared RhoDyn decision object on the same input. They are not mechanistic biological calls.,threshold_occupancy,internal_simple_summary,ambiguous_regime,0.0,inconclusive
inconclusive,ambiguous_regime_03,1,,0,0,rhodyn_internal,synthetic_known_truth,Comparator decisions test whether a generic summary can substitute for the declared RhoDyn decision object on the same input. They are not mechanistic biological calls.,latency_to_peak,internal_simple_summary,ambiguous_regime,14.0,inconclusive
baseline_or_amplitude_sufficient,ambiguous_regime_03,0,scipy,1,1,direct_optional_package,synthetic_known_truth,Comparator decisions test whether a generic summary can substitute for the declared RhoDyn decision object on the same input. They are not mechanistic biological calls.,scipy.signal.find_peaks,scipy_signal_peak_detection,ambiguous_regime,1.507637,inconclusive
inconclusive,ambiguous_regime_03,1,pycatch22,0,0,standard_library_compatibility,synthetic_known_truth,Comparator decisions test whether a generic summary can substitute for the declared RhoDyn decision object on the same input. They are not mechanistic biological calls.,catch22_style_feature_screen,catch22_feature_family,ambiguous_regime,-1.209802,inconclusive
inconclusive,ambiguous_regime_03,1,tsfresh,0,0,standard_library_compatibility,synthetic_known_truth,Comparator decisions test whether a generic summary can substitute for the declared RhoDyn decision object on the same input. They are not mechanistic biological calls.,tsfresh_style_selected_features,tsfresh_feature_family,ambiguous_regime,0.526827,inconclusive
baseline_or_amplitude_sufficient,ambiguous_regime_03,0,sktime,0,0,standard_library_compatibility,synthetic_known_truth,Comparator decisions test whether a generic summary can substitute for the declared RhoDyn decision object on the same input. They are not mechanistic biological calls.,MiniROCKET_style_interval_kernels,rocket_interval_kernel_family,ambiguous_regime,5.075471,inconclusive
residence_added_information,ambiguous_regime_03,0,ruptures,0,0,standard_library_compatibility,synthetic_known_truth,Comparator decisions test whether a generic summary can substitute for the declared RhoDyn decision object on the same input. They are not mechanistic biological calls.,ruptures_style_single_changepoint,ruptures_changepoint_family,ambiguous_regime,0.097541,inconclusive
inconclusive,ambiguous_regime_03,1,hmmlearn,1,1,direct_optional_package,synthetic_known_truth,Comparator decisions test whether a generic summary can substitute for the declared RhoDyn decision object on the same input. They are not mechanistic biological calls.,hmmlearn.GaussianHMM,hmmlearn_gaussian_hmm_family,ambiguous_regime,0.426806,inconclusive
inconclusive,ambiguous_regime_04,1,,0,0,rhodyn_public_api,synthetic_known_truth,Decision divergence reports whether the declared residence window changes the interpretation relative to the declared comparator. It is not a mechanism-discovery statistic.,RhoDyn_method_object,rhodyn_method_object,ambiguous_regime,0.0,inconclusive
inconclusive,ambiguous_regime_04,1,,0,0,rhodyn_internal,synthetic_known_truth,Comparator decisions test whether a generic summary can substitute for the declared RhoDyn decision object on the same input. They are not mechanistic biological calls.,endpoint_value,internal_simple_summary,ambiguous_regime,0.773006,inconclusive
inconclusive,ambiguous_regime_04,1,,0,0,rhodyn_internal,synthetic_known_truth,Comparator decisions test whether a generic summary can substitute for the declared RhoDyn decision object on the same input. They are not mechanistic biological calls.,peak_amplitude,internal_simple_summary,ambiguous_regime,0.776829,inconclusive
inconclusive,ambiguous_regime_04,1,,0,0,rhodyn_internal,synthetic_known_truth,Comparator decisions test whether a generic summary can substitute for the declared RhoDyn decision object on the same input. They are not mechanistic biological calls.,mean_activity_auc,internal_simple_summary,ambiguous_regime,0.552147,inconclusive
inconclusive,ambiguous_regime_04,1,,0,0,rhodyn_internal,synthetic_known_truth,Comparator decisions test whether a generic summary can substitute for the declared RhoDyn decision object on the same input. They are not mechanistic biological calls.,threshold_occupancy,internal_simple_summary,ambiguous_regime,0.0,inconclusive
inconclusive,ambiguous_regime_04,1,,0,0,rhodyn_internal,synthetic_known_truth,Comparator decisions test whether a generic summary can substitute for the declared RhoDyn decision object on the same input. They are not mechanistic biological calls.,latency_to_peak,internal_simple_summary,ambiguous_regime,1.0,inconclusive
baseline_or_amplitude_sufficient,ambiguous_regime_04,0,scipy,1,1,direct_optional_package,synthetic_known_truth,Comparator decisions test whether a generic summary can substitute for the declared RhoDyn decision object on the same input. They are not mechanistic biological calls.,scipy.signal.find_peaks,scipy_signal_peak_detection,ambiguous_regime,1.50187,inconclusive
inconclusive,ambiguous_regime_04,1,pycatch22,0,0,standard_library_compatibility,synthetic_known_truth,Comparator decisions test whether a generic summary can substitute for the declared RhoDyn decision object on the same input. They are not mechanistic biological calls.,catch22_style_feature_screen,catch22_feature_family,ambiguous_regime,-1.210818,inconclusive
inconclusive,ambiguous_regime_04,1,tsfresh,0,0,standard_library_compatibility,synthetic_known_truth,Comparator decisions test whether a generic summary can substitute for the declared RhoDyn decision object on the same input. They are not mechanistic biological calls.,tsfresh_style_selected_features,tsfresh_feature_family,ambiguous_regime,0.52613,inconclusive
baseline_or_amplitude_sufficient,ambiguous_regime_04,0,sktime,0,0,standard_library_compatibility,synthetic_known_truth,Comparator decisions test whether a generic summary can substitute for the declared RhoDyn decision object on the same input. They are not mechanistic biological calls.,MiniROCKET_style_interval_kernels,rocket_interval_kernel_family,ambiguous_regime,5.075383,inconclusive
residence_added_information,ambiguous_regime_04,0,ruptures,0,0,standard_library_compatibility,synthetic_known_truth,Comparator decisions test whether a generic summary can substitute for the declared RhoDyn decision object on the same input. They are not mechanistic biological calls.,ruptures_style_single_changepoint,ruptures_changepoint_family,ambiguous_regime,0.100087,inconclusive
inconclusive,ambiguous_regime_04,1,hmmlearn,1,1,direct_optional_package,synthetic_known_truth,Comparator decisions test whether a generic summary can substitute for the declared RhoDyn decision object on the same input. They are not mechanistic biological calls.,hmmlearn.GaussianHMM,hmmlearn_gaussian_hmm_family,ambiguous_regime,0.22441,inconclusive
inconclusive,ambiguous_regime_05,1,,0,0,rhodyn_public_api,synthetic_known_truth,Decision divergence reports whether the declared residence window changes the interpretation relative to the declared comparator. It is not a mechanism-discovery statistic.,RhoDyn_method_object,rhodyn_method_object,ambiguous_regime,0.0,inconclusive
inconclusive,ambiguous_regime_05,1,,0,0,rhodyn_internal,synthetic_known_truth,Comparator decisions test whether a generic summary can substitute for the declared RhoDyn decision object on the same input. They are not mechanistic biological calls.,endpoint_value,internal_simple_summary,ambiguous_regime,0.353006,inconclusive
inconclusive,ambiguous_regime_05,1,,0,0,rhodyn_internal,synthetic_known_truth,Comparator decisions test whether a generic summary can substitute for the declared RhoDyn decision object on the same input. They are not mechanistic biological calls.,peak_amplitude,internal_simple_summary,ambiguous_regime,0.779812,inconclusive
inconclusive,ambiguous_regime_05,1,,0,0,rhodyn_internal,synthetic_known_truth,Comparator decisions test whether a generic summary can substitute for the declared RhoDyn decision object on the same input. They are not mechanistic biological calls.,mean_activity_auc,internal_simple_summary,ambiguous_regime,0.552147,inconclusive
inconclusive,ambiguous_regime_05,1,,0,0,rhodyn_internal,synthetic_known_truth,Comparator decisions test whether a generic summary can substitute for the declared RhoDyn decision object on the same input. They are not mechanistic biological calls.,threshold_occupancy,internal_simple_summary,ambiguous_regime,0.0,inconclusive
inconclusive,ambiguous_regime_05,1,,0,0,rhodyn_internal,synthetic_known_truth,Comparator decisions test whether a generic summary can substitute for the declared RhoDyn decision object on the same input. They are not mechanistic biological calls.,latency_to_peak,internal_simple_summary,ambiguous_regime,14.0,inconclusive
baseline_or_amplitude_sufficient,ambiguous_regime_05,0,scipy,1,1,direct_optional_package,synthetic_known_truth,Comparator decisions test whether a generic summary can substitute for the declared RhoDyn decision object on the same input. They are not mechanistic biological calls.,scipy.signal.find_peaks,scipy_signal_peak_detection,ambiguous_regime,1.507637,inconclusive
inconclusive,ambiguous_regime_05,1,pycatch22,0,0,standard_library_compatibility,synthetic_known_truth,Comparator decisions test whether a generic summary can substitute for the declared RhoDyn decision object on the same input. They are not mechanistic biological calls.,catch22_style_feature_screen,catch22_feature_family,ambiguous_regime,-1.209802,inconclusive
inconclusive,ambiguous_regime_05,1,tsfresh,0,0,standard_library_compatibility,synthetic_known_truth,Comparator decisions test whether a generic summary can substitute for the declared RhoDyn decision object on the same input. They are not mechanistic biological calls.,tsfresh_style_selected_features,tsfresh_feature_family,ambiguous_regime,0.526827,inconclusive
baseline_or_amplitude_sufficient,ambiguous_regime_05,0,sktime,0,0,standard_library_compatibility,synthetic_known_truth,Comparator decisions test whether a generic summary can substitute for the declared RhoDyn decision object on the same input. They are not mechanistic biological calls.,MiniROCKET_style_interval_kernels,rocket_interval_kernel_family,ambiguous_regime,5.075471,inconclusive
residence_added_information,ambiguous_regime_05,0,ruptures,0,0,standard_library_compatibility,synthetic_known_truth,Comparator decisions test whether a generic summary can substitute for the declared RhoDyn decision object on the same input. They are not mechanistic biological calls.,ruptures_style_single_changepoint,ruptures_changepoint_family,ambiguous_regime,0.097541,inconclusive
inconclusive,ambiguous_regime_05,1,hmmlearn,1,1,direct_optional_package,synthetic_known_truth,Comparator decisions test whether a generic summary can substitute for the declared RhoDyn decision object on the same input. They are not mechanistic biological calls.,hmmlearn.GaussianHMM,hmmlearn_gaussian_hmm_family,ambiguous_regime,0.426806,inconclusive
inconclusive,ambiguous_regime_06,1,,0,0,rhodyn_public_api,synthetic_known_truth,Decision divergence reports whether the declared residence window changes the interpretation relative to the declared comparator. It is not a mechanism-discovery statistic.,RhoDyn_method_object,rhodyn_method_object,ambiguous_regime,0.0,inconclusive
inconclusive,ambiguous_regime_06,1,,0,0,rhodyn_internal,synthetic_known_truth,Comparator decisions test whether a generic summary can substitute for the declared RhoDyn decision object on the same input. They are not mechanistic biological calls.,endpoint_value,internal_simple_summary,ambiguous_regime,0.773006,inconclusive
inconclusive,ambiguous_regime_06,1,,0,0,rhodyn_internal,synthetic_known_truth,Comparator decisions test whether a generic summary can substitute for the declared RhoDyn decision object on the same input. They are not mechanistic biological calls.,peak_amplitude,internal_simple_summary,ambiguous_regime,0.776829,inconclusive
inconclusive,ambiguous_regime_06,1,,0,0,rhodyn_internal,synthetic_known_truth,Comparator decisions test whether a generic summary can substitute for the declared RhoDyn decision object on the same input. They are not mechanistic biological calls.,mean_activity_auc,internal_simple_summary,ambiguous_regime,0.552147,inconclusive
inconclusive,ambiguous_regime_06,1,,0,0,rhodyn_internal,synthetic_known_truth,Comparator decisions test whether a generic summary can substitute for the declared RhoDyn decision object on the same input. They are not mechanistic biological calls.,threshold_occupancy,internal_simple_summary,ambiguous_regime,0.0,inconclusive
inconclusive,ambiguous_regime_06,1,,0,0,rhodyn_internal,synthetic_known_truth,Comparator decisions test whether a generic summary can substitute for the declared RhoDyn decision object on the same input. They are not mechanistic biological calls.,latency_to_peak,internal_simple_summary,ambiguous_regime,1.0,inconclusive
baseline_or_amplitude_sufficient,ambiguous_regime_06,0,scipy,1,1,direct_optional_package,synthetic_known_truth,Comparator decisions test whether a generic summary can substitute for the declared RhoDyn decision object on the same input. They are not mechanistic biological calls.,scipy.signal.find_peaks,scipy_signal_peak_detection,ambiguous_regime,1.50187,inconclusive
inconclusive,ambiguous_regime_06,1,pycatch22,0,0,standard_library_compatibility,synthetic_known_truth,Comparator decisions test whether a generic summary can substitute for the declared RhoDyn decision object on the same input. They are not mechanistic biological calls.,catch22_style_feature_screen,catch22_feature_family,ambiguous_regime,-1.210818,inconclusive
inconclusive,ambiguous_regime_06,1,tsfresh,0,0,standard_library_compatibility,synthetic_known_truth,Comparator decisions test whether a generic summary can substitute for the declared RhoDyn decision object on the same input. They are not mechanistic biological calls.,tsfresh_style_selected_features,tsfresh_feature_family,ambiguous_regime,0.52613,inconclusive
baseline_or_amplitude_sufficient,ambiguous_regime_06,0,sktime,0,0,standard_library_compatibility,synthetic_known_truth,Comparator decisions test whether a generic summary can substitute for the declared RhoDyn decision object on the same input. They are not mechanistic biological calls.,MiniROCKET_style_interval_kernels,rocket_interval_kernel_family,ambiguous_regime,5.075383,inconclusive
residence_added_information,ambiguous_regime_06,0,ruptures,0,0,standard_library_compatibility,synthetic_known_truth,Comparator decisions test whether a generic summary can substitute for the declared RhoDyn decision object on the same input. They are not mechanistic biological calls.,ruptures_style_single_changepoint,ruptures_changepoint_family,ambiguous_regime,0.100087,inconclusive
inconclusive,ambiguous_regime_06,1,hmmlearn,1,1,direct_optional_package,synthetic_known_truth,Comparator decisions test whether a generic summary can substitute for the declared RhoDyn decision object on the same input. They are not mechanistic biological calls.,hmmlearn.GaussianHMM,hmmlearn_gaussian_hmm_family,ambiguous_regime,0.22441,inconclusive
inconclusive,ambiguous_regime_07,1,,0,0,rhodyn_public_api,synthetic_known_truth,Decision divergence reports whether the declared residence window changes the interpretation relative to the declared comparator. It is not a mechanism-discovery statistic.,RhoDyn_method_object,rhodyn_method_object,ambiguous_regime,0.0,inconclusive
inconclusive,ambiguous_regime_07,1,,0,0,rhodyn_internal,synthetic_known_truth,Comparator decisions test whether a generic summary can substitute for the declared RhoDyn decision object on the same input. They are not mechanistic biological calls.,endpoint_value,internal_simple_summary,ambiguous_regime,0.353006,inconclusive
inconclusive,ambiguous_regime_07,1,,0,0,rhodyn_internal,synthetic_known_truth,Comparator decisions test whether a generic summary can substitute for the declared RhoDyn decision object on the same input. They are not mechanistic biological calls.,peak_amplitude,internal_simple_summary,ambiguous_regime,0.779812,inconclusive
inconclusive,ambiguous_regime_07,1,,0,0,rhodyn_internal,synthetic_known_truth,Comparator decisions test whether a generic summary can substitute for the declared RhoDyn decision object on the same input. They are not mechanistic biological calls.,mean_activity_auc,internal_simple_summary,ambiguous_regime,0.552147,inconclusive
inconclusive,ambiguous_regime_07,1,,0,0,rhodyn_internal,synthetic_known_truth,Comparator decisions test whether a generic summary can substitute for the declared RhoDyn decision object on the same input. They are not mechanistic biological calls.,threshold_occupancy,internal_simple_summary,ambiguous_regime,0.0,inconclusive
inconclusive,ambiguous_regime_07,1,,0,0,rhodyn_internal,synthetic_known_truth,Comparator decisions test whether a generic summary can substitute for the declared RhoDyn decision object on the same input. They are not mechanistic biological calls.,latency_to_peak,internal_simple_summary,ambiguous_regime,14.0,inconclusive
baseline_or_amplitude_sufficient,ambiguous_regime_07,0,scipy,1,1,direct_optional_package,synthetic_known_truth,Comparator decisions test whether a generic summary can substitute for the declared RhoDyn decision object on the same input. They are not mechanistic biological calls.,scipy.signal.find_peaks,scipy_signal_peak_detection,ambiguous_regime,1.507637,inconclusive
inconclusive,ambiguous_regime_07,1,pycatch22,0,0,standard_library_compatibility,synthetic_known_truth,Comparator decisions test whether a generic summary can substitute for the declared RhoDyn decision object on the same input. They are not mechanistic biological calls.,catch22_style_feature_screen,catch22_feature_family,ambiguous_regime,-1.209802,inconclusive
inconclusive,ambiguous_regime_07,1,tsfresh,0,0,standard_library_compatibility,synthetic_known_truth,Comparator decisions test whether a generic summary can substitute for the declared RhoDyn decision object on the same input. They are not mechanistic biological calls.,tsfresh_style_selected_features,tsfresh_feature_family,ambiguous_regime,0.526827,inconclusive
baseline_or_amplitude_sufficient,ambiguous_regime_07,0,sktime,0,0,standard_library_compatibility,synthetic_known_truth,Comparator decisions test whether a generic summary can substitute for the declared RhoDyn decision object on the same input. They are not mechanistic biological calls.,MiniROCKET_style_interval_kernels,rocket_interval_kernel_family,ambiguous_regime,5.075471,inconclusive
residence_added_information,ambiguous_regime_07,0,ruptures,0,0,standard_library_compatibility,synthetic_known_truth,Comparator decisions test whether a generic summary can substitute for the declared RhoDyn decision object on the same input. They are not mechanistic biological calls.,ruptures_style_single_changepoint,ruptures_changepoint_family,ambiguous_regime,0.097541,inconclusive
inconclusive,ambiguous_regime_07,1,hmmlearn,1,1,direct_optional_package,synthetic_known_truth,Comparator decisions test whether a generic summary can substitute for the declared RhoDyn decision object on the same input. They are not mechanistic biological calls.,hmmlearn.GaussianHMM,hmmlearn_gaussian_hmm_family,ambiguous_regime,0.426806,inconclusive
inconclusive,ambiguous_regime_08,1,,0,0,rhodyn_public_api,synthetic_known_truth,Decision divergence reports whether the declared residence window changes the interpretation relative to the declared comparator. It is not a mechanism-discovery statistic.,RhoDyn_method_object,rhodyn_method_object,ambiguous_regime,0.0,inconclusive
inconclusive,ambiguous_regime_08,1,,0,0,rhodyn_internal,synthetic_known_truth,Comparator decisions test whether a generic summary can substitute for the declared RhoDyn decision object on the same input. They are not mechanistic biological calls.,endpoint_value,internal_simple_summary,ambiguous_regime,0.773006,inconclusive
inconclusive,ambiguous_regime_08,1,,0,0,rhodyn_internal,synthetic_known_truth,Comparator decisions test whether a generic summary can substitute for the declared RhoDyn decision object on the same input. They are not mechanistic biological calls.,peak_amplitude,internal_simple_summary,ambiguous_regime,0.776829,inconclusive
inconclusive,ambiguous_regime_08,1,,0,0,rhodyn_internal,synthetic_known_truth,Comparator decisions test whether a generic summary can substitute for the declared RhoDyn decision object on the same input. They are not mechanistic biological calls.,mean_activity_auc,internal_simple_summary,ambiguous_regime,0.552147,inconclusive
inconclusive,ambiguous_regime_08,1,,0,0,rhodyn_internal,synthetic_known_truth,Comparator decisions test whether a generic summary can substitute for the declared RhoDyn decision object on the same input. They are not mechanistic biological calls.,threshold_occupancy,internal_simple_summary,ambiguous_regime,0.0,inconclusive
inconclusive,ambiguous_regime_08,1,,0,0,rhodyn_internal,synthetic_known_truth,Comparator decisions test whether a generic summary can substitute for the declared RhoDyn decision object on the same input. They are not mechanistic biological calls.,latency_to_peak,internal_simple_summary,ambiguous_regime,1.0,inconclusive
baseline_or_amplitude_sufficient,ambiguous_regime_08,0,scipy,1,1,direct_optional_package,synthetic_known_truth,Comparator decisions test whether a generic summary can substitute for the declared RhoDyn decision object on the same input. They are not mechanistic biological calls.,scipy.signal.find_peaks,scipy_signal_peak_detection,ambiguous_regime,1.50187,inconclusive
inconclusive,ambiguous_regime_08,1,pycatch22,0,0,standard_library_compatibility,synthetic_known_truth,Comparator decisions test whether a generic summary can substitute for the declared RhoDyn decision object on the same input. They are not mechanistic biological calls.,catch22_style_feature_screen,catch22_feature_family,ambiguous_regime,-1.210818,inconclusive
inconclusive,ambiguous_regime_08,1,tsfresh,0,0,standard_library_compatibility,synthetic_known_truth,Comparator decisions test whether a generic summary can substitute for the declared RhoDyn decision object on the same input. They are not mechanistic biological calls.,tsfresh_style_selected_features,tsfresh_feature_family,ambiguous_regime,0.52613,inconclusive
baseline_or_amplitude_sufficient,ambiguous_regime_08,0,sktime,0,0,standard_library_compatibility,synthetic_known_truth,Comparator decisions test whether a generic summary can substitute for the declared RhoDyn decision object on the same input. They are not mechanistic biological calls.,MiniROCKET_style_interval_kernels,rocket_interval_kernel_family,ambiguous_regime,5.075383,inconclusive
residence_added_information,ambiguous_regime_08,0,ruptures,0,0,standard_library_compatibility,synthetic_known_truth,Comparator decisions test whether a generic summary can substitute for the declared RhoDyn decision object on the same input. They are not mechanistic biological calls.,ruptures_style_single_changepoint,ruptures_changepoint_family,ambiguous_regime,0.100087,inconclusive
inconclusive,ambiguous_regime_08,1,hmmlearn,1,1,direct_optional_package,synthetic_known_truth,Comparator decisions test whether a generic summary can substitute for the declared RhoDyn decision object on the same input. They are not mechanistic biological calls.,hmmlearn.GaussianHMM,hmmlearn_gaussian_hmm_family,ambiguous_regime,0.22441,inconclusive
inconclusive,ambiguous_regime_09,1,,0,0,rhodyn_public_api,synthetic_known_truth,Decision divergence reports whether the declared residence window changes the interpretation relative to the declared comparator. It is not a mechanism-discovery statistic.,RhoDyn_method_object,rhodyn_method_object,ambiguous_regime,0.0,inconclusive
inconclusive,ambiguous_regime_09,1,,0,0,rhodyn_internal,synthetic_known_truth,Comparator decisions test whether a generic summary can substitute for the declared RhoDyn decision object on the same input. They are not mechanistic biological calls.,endpoint_value,internal_simple_summary,ambiguous_regime,0.353006,inconclusive
inconclusive,ambiguous_regime_09,1,,0,0,rhodyn_internal,synthetic_known_truth,Comparator decisions test whether a generic summary can substitute for the declared RhoDyn decision object on the same input. They are not mechanistic biological calls.,peak_amplitude,internal_simple_summary,ambiguous_regime,0.779812,inconclusive
inconclusive,ambiguous_regime_09,1,,0,0,rhodyn_internal,synthetic_known_truth,Comparator decisions test whether a generic summary can substitute for the declared RhoDyn decision object on the same input. They are not mechanistic biological calls.,mean_activity_auc,internal_simple_summary,ambiguous_regime,0.552147,inconclusive
inconclusive,ambiguous_regime_09,1,,0,0,rhodyn_internal,synthetic_known_truth,Comparator decisions test whether a generic summary can substitute for the declared RhoDyn decision object on the same input. They are not mechanistic biological calls.,threshold_occupancy,internal_simple_summary,ambiguous_regime,0.0,inconclusive
inconclusive,ambiguous_regime_09,1,,0,0,rhodyn_internal,synthetic_known_truth,Comparator decisions test whether a generic summary can substitute for the declared RhoDyn decision object on the same input. They are not mechanistic biological calls.,latency_to_peak,internal_simple_summary,ambiguous_regime,14.0,inconclusive
baseline_or_amplitude_sufficient,ambiguous_regime_09,0,scipy,1,1,direct_optional_package,synthetic_known_truth,Comparator decisions test whether a generic summary can substitute for the declared RhoDyn decision object on the same input. They are not mechanistic biological calls.,scipy.signal.find_peaks,scipy_signal_peak_detection,ambiguous_regime,1.507637,inconclusive
inconclusive,ambiguous_regime_09,1,pycatch22,0,0,standard_library_compatibility,synthetic_known_truth,Comparator decisions test whether a generic summary can substitute for the declared RhoDyn decision object on the same input. They are not mechanistic biological calls.,catch22_style_feature_screen,catch22_feature_family,ambiguous_regime,-1.209802,inconclusive
inconclusive,ambiguous_regime_09,1,tsfresh,0,0,standard_library_compatibility,synthetic_known_truth,Comparator decisions test whether a generic summary can substitute for the declared RhoDyn decision object on the same input. They are not mechanistic biological calls.,tsfresh_style_selected_features,tsfresh_feature_family,ambiguous_regime,0.526827,inconclusive
baseline_or_amplitude_sufficient,ambiguous_regime_09,0,sktime,0,0,standard_library_compatibility,synthetic_known_truth,Comparator decisions test whether a generic summary can substitute for the declared RhoDyn decision object on the same input. They are not mechanistic biological calls.,MiniROCKET_style_interval_kernels,rocket_interval_kernel_family,ambiguous_regime,5.075471,inconclusive
residence_added_information,ambiguous_regime_09,0,ruptures,0,0,standard_library_compatibility,synthetic_known_truth,Comparator decisions test whether a generic summary can substitute for the declared RhoDyn decision object on the same input. They are not mechanistic biological calls.,ruptures_style_single_changepoint,ruptures_changepoint_family,ambiguous_regime,0.097541,inconclusive
inconclusive,ambiguous_regime_09,1,hmmlearn,1,1,direct_optional_package,synthetic_known_truth,Comparator decisions test whether a generic summary can substitute for the declared RhoDyn decision object on the same input. They are not mechanistic biological calls.,hmmlearn.GaussianHMM,hmmlearn_gaussian_hmm_family,ambiguous_regime,0.426806,inconclusive
inconclusive,ambiguous_regime_10,1,,0,0,rhodyn_public_api,synthetic_known_truth,Decision divergence reports whether the declared residence window changes the interpretation relative to the declared comparator. It is not a mechanism-discovery statistic.,RhoDyn_method_object,rhodyn_method_object,ambiguous_regime,0.0,inconclusive
inconclusive,ambiguous_regime_10,1,,0,0,rhodyn_internal,synthetic_known_truth,Comparator decisions test whether a generic summary can substitute for the declared RhoDyn decision object on the same input. They are not mechanistic biological calls.,endpoint_value,internal_simple_summary,ambiguous_regime,0.773006,inconclusive
inconclusive,ambiguous_regime_10,1,,0,0,rhodyn_internal,synthetic_known_truth,Comparator decisions test whether a generic summary can substitute for the declared RhoDyn decision object on the same input. They are not mechanistic biological calls.,peak_amplitude,internal_simple_summary,ambiguous_regime,0.776829,inconclusive
inconclusive,ambiguous_regime_10,1,,0,0,rhodyn_internal,synthetic_known_truth,Comparator decisions test whether a generic summary can substitute for the declared RhoDyn decision object on the same input. They are not mechanistic biological calls.,mean_activity_auc,internal_simple_summary,ambiguous_regime,0.552147,inconclusive
inconclusive,ambiguous_regime_10,1,,0,0,rhodyn_internal,synthetic_known_truth,Comparator decisions test whether a generic summary can substitute for the declared RhoDyn decision object on the same input. They are not mechanistic biological calls.,threshold_occupancy,internal_simple_summary,ambiguous_regime,0.0,inconclusive
inconclusive,ambiguous_regime_10,1,,0,0,rhodyn_internal,synthetic_known_truth,Comparator decisions test whether a generic summary can substitute for the declared RhoDyn decision object on the same input. They are not mechanistic biological calls.,latency_to_peak,internal_simple_summary,ambiguous_regime,1.0,inconclusive
baseline_or_amplitude_sufficient,ambiguous_regime_10,0,scipy,1,1,direct_optional_package,synthetic_known_truth,Comparator decisions test whether a generic summary can substitute for the declared RhoDyn decision object on the same input. They are not mechanistic biological calls.,scipy.signal.find_peaks,scipy_signal_peak_detection,ambiguous_regime,1.50187,inconclusive
inconclusive,ambiguous_regime_10,1,pycatch22,0,0,standard_library_compatibility,synthetic_known_truth,Comparator decisions test whether a generic summary can substitute for the declared RhoDyn decision object on the same input. They are not mechanistic biological calls.,catch22_style_feature_screen,catch22_feature_family,ambiguous_regime,-1.210818,inconclusive
inconclusive,ambiguous_regime_10,1,tsfresh,0,0,standard_library_compatibility,synthetic_known_truth,Comparator decisions test whether a generic summary can substitute for the declared RhoDyn decision object on the same input. They are not mechanistic biological calls.,tsfresh_style_selected_features,tsfresh_feature_family,ambiguous_regime,0.52613,inconclusive
baseline_or_amplitude_sufficient,ambiguous_regime_10,0,sktime,0,0,standard_library_compatibility,synthetic_known_truth,Comparator decisions test whether a generic summary can substitute for the declared RhoDyn decision object on the same input. They are not mechanistic biological calls.,MiniROCKET_style_interval_kernels,rocket_interval_kernel_family,ambiguous_regime,5.075383,inconclusive
residence_added_information,ambiguous_regime_10,0,ruptures,0,0,standard_library_compatibility,synthetic_known_truth,Comparator decisions test whether a generic summary can substitute for the declared RhoDyn decision object on the same input. They are not mechanistic biological calls.,ruptures_style_single_changepoint,ruptures_changepoint_family,ambiguous_regime,0.100087,inconclusive
inconclusive,ambiguous_regime_10,1,hmmlearn,1,1,direct_optional_package,synthetic_known_truth,Comparator decisions test whether a generic summary can substitute for the declared RhoDyn decision object on the same input. They are not mechanistic biological calls.,hmmlearn.GaussianHMM,hmmlearn_gaussian_hmm_family,ambiguous_regime,0.22441,inconclusive
inconclusive,ambiguous_regime_11,1,,0,0,rhodyn_public_api,synthetic_known_truth,Decision divergence reports whether the declared residence window changes the interpretation relative to the declared comparator. It is not a mechanism-discovery statistic.,RhoDyn_method_object,rhodyn_method_object,ambiguous_regime,0.0,inconclusive
inconclusive,ambiguous_regime_11,1,,0,0,rhodyn_internal,synthetic_known_truth,Comparator decisions test whether a generic summary can substitute for the declared RhoDyn decision object on the same input. They are not mechanistic biological calls.,endpoint_value,internal_simple_summary,ambiguous_regime,0.353006,inconclusive
inconclusive,ambiguous_regime_11,1,,0,0,rhodyn_internal,synthetic_known_truth,Comparator decisions test whether a generic summary can substitute for the declared RhoDyn decision object on the same input. They are not mechanistic biological calls.,peak_amplitude,internal_simple_summary,ambiguous_regime,0.779812,inconclusive
inconclusive,ambiguous_regime_11,1,,0,0,rhodyn_internal,synthetic_known_truth,Comparator decisions test whether a generic summary can substitute for the declared RhoDyn decision object on the same input. They are not mechanistic biological calls.,mean_activity_auc,internal_simple_summary,ambiguous_regime,0.552147,inconclusive
inconclusive,ambiguous_regime_11,1,,0,0,rhodyn_internal,synthetic_known_truth,Comparator decisions test whether a generic summary can substitute for the declared RhoDyn decision object on the same input. They are not mechanistic biological calls.,threshold_occupancy,internal_simple_summary,ambiguous_regime,0.0,inconclusive
inconclusive,ambiguous_regime_11,1,,0,0,rhodyn_internal,synthetic_known_truth,Comparator decisions test whether a generic summary can substitute for the declared RhoDyn decision object on the same input. They are not mechanistic biological calls.,latency_to_peak,internal_simple_summary,ambiguous_regime,14.0,inconclusive
baseline_or_amplitude_sufficient,ambiguous_regime_11,0,scipy,1,1,direct_optional_package,synthetic_known_truth,Comparator decisions test whether a generic summary can substitute for the declared RhoDyn decision object on the same input. They are not mechanistic biological calls.,scipy.signal.find_peaks,scipy_signal_peak_detection,ambiguous_regime,1.507637,inconclusive
inconclusive,ambiguous_regime_11,1,pycatch22,0,0,standard_library_compatibility,synthetic_known_truth,Comparator decisions test whether a generic summary can substitute for the declared RhoDyn decision object on the same input. They are not mechanistic biological calls.,catch22_style_feature_screen,catch22_feature_family,ambiguous_regime,-1.209802,inconclusive
inconclusive,ambiguous_regime_11,1,tsfresh,0,0,standard_library_compatibility,synthetic_known_truth,Comparator decisions test whether a generic summary can substitute for the declared RhoDyn decision object on the same input. They are not mechanistic biological calls.,tsfresh_style_selected_features,tsfresh_feature_family,ambiguous_regime,0.526827,inconclusive
baseline_or_amplitude_sufficient,ambiguous_regime_11,0,sktime,0,0,standard_library_compatibility,synthetic_known_truth,Comparator decisions test whether a generic summary can substitute for the declared RhoDyn decision object on the same input. They are not mechanistic biological calls.,MiniROCKET_style_interval_kernels,rocket_interval_kernel_family,ambiguous_regime,5.075471,inconclusive
residence_added_information,ambiguous_regime_11,0,ruptures,0,0,standard_library_compatibility,synthetic_known_truth,Comparator decisions test whether a generic summary can substitute for the declared RhoDyn decision object on the same input. They are not mechanistic biological calls.,ruptures_style_single_changepoint,ruptures_changepoint_family,ambiguous_regime,0.097541,inconclusive
inconclusive,ambiguous_regime_11,1,hmmlearn,1,1,direct_optional_package,synthetic_known_truth,Comparator decisions test whether a generic summary can substitute for the declared RhoDyn decision object on the same input. They are not mechanistic biological calls.,hmmlearn.GaussianHMM,hmmlearn_gaussian_hmm_family,ambiguous_regime,0.426806,inconclusive
residence_added_information,residence_regime_00,1,sklearn,1,1,direct_optional_package,synthetic_known_truth,Classifier baselines test whether generic features recover synthetic labels. They do not provide an interpretable residence-window decision by themselves.,sklearn.RandomForestClassifier_LOOCV,scikit_learn_feature_classifier,residence_regime,1.0,residence_added_information
residence_added_information,residence_regime_01,1,sklearn,1,1,direct_optional_package,synthetic_known_truth,Classifier baselines test whether generic features recover synthetic labels. They do not provide an interpretable residence-window decision by themselves.,sklearn.RandomForestClassifier_LOOCV,scikit_learn_feature_classifier,residence_regime,1.0,residence_added_information
residence_added_information,residence_regime_02,1,sklearn,1,1,direct_optional_package,synthetic_known_truth,Classifier baselines test whether generic features recover synthetic labels. They do not provide an interpretable residence-window decision by themselves.,sklearn.RandomForestClassifier_LOOCV,scikit_learn_feature_classifier,residence_regime,1.0,residence_added_information
residence_added_information,residence_regime_03,1,sklearn,1,1,direct_optional_package,synthetic_known_truth,Classifier baselines test whether generic features recover synthetic labels. They do not provide an interpretable residence-window decision by themselves.,sklearn.RandomForestClassifier_LOOCV,scikit_learn_feature_classifier,residence_regime,1.0,residence_added_information
residence_added_information,residence_regime_04,1,sklearn,1,1,direct_optional_package,synthetic_known_truth,Classifier baselines test whether generic features recover synthetic labels. They do not provide an interpretable residence-window decision by themselves.,sklearn.RandomForestClassifier_LOOCV,scikit_learn_feature_classifier,residence_regime,1.0,residence_added_information
residence_added_information,residence_regime_05,1,sklearn,1,1,direct_optional_package,synthetic_known_truth,Classifier baselines test whether generic features recover synthetic labels. They do not provide an interpretable residence-window decision by themselves.,sklearn.RandomForestClassifier_LOOCV,scikit_learn_feature_classifier,residence_regime,1.0,residence_added_information
residence_added_information,residence_regime_06,1,sklearn,1,1,direct_optional_package,synthetic_known_truth,Classifier baselines test whether generic features recover synthetic labels. They do not provide an interpretable residence-window decision by themselves.,sklearn.RandomForestClassifier_LOOCV,scikit_learn_feature_classifier,residence_regime,1.0,residence_added_information
residence_added_information,residence_regime_07,1,sklearn,1,1,direct_optional_package,synthetic_known_truth,Classifier baselines test whether generic features recover synthetic labels. They do not provide an interpretable residence-window decision by themselves.,sklearn.RandomForestClassifier_LOOCV,scikit_learn_feature_classifier,residence_regime,1.0,residence_added_information
residence_added_information,residence_regime_08,1,sklearn,1,1,direct_optional_package,synthetic_known_truth,Classifier baselines test whether generic features recover synthetic labels. They do not provide an interpretable residence-window decision by themselves.,sklearn.RandomForestClassifier_LOOCV,scikit_learn_feature_classifier,residence_regime,1.0,residence_added_information
residence_added_information,residence_regime_09,1,sklearn,1,1,direct_optional_package,synthetic_known_truth,Classifier baselines test whether generic features recover synthetic labels. They do not provide an interpretable residence-window decision by themselves.,sklearn.RandomForestClassifier_LOOCV,scikit_learn_feature_classifier,residence_regime,1.0,residence_added_information
residence_added_information,residence_regime_10,1,sklearn,1,1,direct_optional_package,synthetic_known_truth,Classifier baselines test whether generic features recover synthetic labels. They do not provide an interpretable residence-window decision by themselves.,sklearn.RandomForestClassifier_LOOCV,scikit_learn_feature_classifier,residence_regime,1.0,residence_added_information
residence_added_information,residence_regime_11,1,sklearn,1,1,direct_optional_package,synthetic_known_truth,Classifier baselines test whether generic features recover synthetic labels. They do not provide an interpretable residence-window decision by themselves.,sklearn.RandomForestClassifier_LOOCV,scikit_learn_feature_classifier,residence_regime,1.0,residence_added_information
baseline_or_amplitude_sufficient,amplitude_regime_00,1,sklearn,1,1,direct_optional_package,synthetic_known_truth,Classifier baselines test whether generic features recover synthetic labels. They do not provide an interpretable residence-window decision by themselves.,sklearn.RandomForestClassifier_LOOCV,scikit_learn_feature_classifier,amplitude_regime,1.0,baseline_or_amplitude_sufficient
baseline_or_amplitude_sufficient,amplitude_regime_01,1,sklearn,1,1,direct_optional_package,synthetic_known_truth,Classifier baselines test whether generic features recover synthetic labels. They do not provide an interpretable residence-window decision by themselves.,sklearn.RandomForestClassifier_LOOCV,scikit_learn_feature_classifier,amplitude_regime,1.0,baseline_or_amplitude_sufficient
baseline_or_amplitude_sufficient,amplitude_regime_02,1,sklearn,1,1,direct_optional_package,synthetic_known_truth,Classifier baselines test whether generic features recover synthetic labels. They do not provide an interpretable residence-window decision by themselves.,sklearn.RandomForestClassifier_LOOCV,scikit_learn_feature_classifier,amplitude_regime,1.0,baseline_or_amplitude_sufficient
baseline_or_amplitude_sufficient,amplitude_regime_03,1,sklearn,1,1,direct_optional_package,synthetic_known_truth,Classifier baselines test whether generic features recover synthetic labels. They do not provide an interpretable residence-window decision by themselves.,sklearn.RandomForestClassifier_LOOCV,scikit_learn_feature_classifier,amplitude_regime,1.0,baseline_or_amplitude_sufficient
baseline_or_amplitude_sufficient,amplitude_regime_04,1,sklearn,1,1,direct_optional_package,synthetic_known_truth,Classifier baselines test whether generic features recover synthetic labels. They do not provide an interpretable residence-window decision by themselves.,sklearn.RandomForestClassifier_LOOCV,scikit_learn_feature_classifier,amplitude_regime,1.0,baseline_or_amplitude_sufficient
baseline_or_amplitude_sufficient,amplitude_regime_05,1,sklearn,1,1,direct_optional_package,synthetic_known_truth,Classifier baselines test whether generic features recover synthetic labels. They do not provide an interpretable residence-window decision by themselves.,sklearn.RandomForestClassifier_LOOCV,scikit_learn_feature_classifier,amplitude_regime,1.0,baseline_or_amplitude_sufficient
baseline_or_amplitude_sufficient,amplitude_regime_06,1,sklearn,1,1,direct_optional_package,synthetic_known_truth,Classifier baselines test whether generic features recover synthetic labels. They do not provide an interpretable residence-window decision by themselves.,sklearn.RandomForestClassifier_LOOCV,scikit_learn_feature_classifier,amplitude_regime,1.0,baseline_or_amplitude_sufficient
baseline_or_amplitude_sufficient,amplitude_regime_07,1,sklearn,1,1,direct_optional_package,synthetic_known_truth,Classifier baselines test whether generic features recover synthetic labels. They do not provide an interpretable residence-window decision by themselves.,sklearn.RandomForestClassifier_LOOCV,scikit_learn_feature_classifier,amplitude_regime,1.0,baseline_or_amplitude_sufficient
baseline_or_amplitude_sufficient,amplitude_regime_08,1,sklearn,1,1,direct_optional_package,synthetic_known_truth,Classifier baselines test whether generic features recover synthetic labels. They do not provide an interpretable residence-window decision by themselves.,sklearn.RandomForestClassifier_LOOCV,scikit_learn_feature_classifier,amplitude_regime,1.0,baseline_or_amplitude_sufficient
baseline_or_amplitude_sufficient,amplitude_regime_09,1,sklearn,1,1,direct_optional_package,synthetic_known_truth,Classifier baselines test whether generic features recover synthetic labels. They do not provide an interpretable residence-window decision by themselves.,sklearn.RandomForestClassifier_LOOCV,scikit_learn_feature_classifier,amplitude_regime,1.0,baseline_or_amplitude_sufficient
baseline_or_amplitude_sufficient,amplitude_regime_10,1,sklearn,1,1,direct_optional_package,synthetic_known_truth,Classifier baselines test whether generic features recover synthetic labels. They do not provide an interpretable residence-window decision by themselves.,sklearn.RandomForestClassifier_LOOCV,scikit_learn_feature_classifier,amplitude_regime,1.0,baseline_or_amplitude_sufficient
baseline_or_amplitude_sufficient,amplitude_regime_11,1,sklearn,1,1,direct_optional_package,synthetic_known_truth,Classifier baselines test whether generic features recover synthetic labels. They do not provide an interpretable residence-window decision by themselves.,sklearn.RandomForestClassifier_LOOCV,scikit_learn_feature_classifier,amplitude_regime,1.0,baseline_or_amplitude_sufficient
inconclusive,ambiguous_regime_00,1,sklearn,1,1,direct_optional_package,synthetic_known_truth,Classifier baselines test whether generic features recover synthetic labels. They do not provide an interpretable residence-window decision by themselves.,sklearn.RandomForestClassifier_LOOCV,scikit_learn_feature_classifier,ambiguous_regime,1.0,inconclusive
inconclusive,ambiguous_regime_01,1,sklearn,1,1,direct_optional_package,synthetic_known_truth,Classifier baselines test whether generic features recover synthetic labels. They do not provide an interpretable residence-window decision by themselves.,sklearn.RandomForestClassifier_LOOCV,scikit_learn_feature_classifier,ambiguous_regime,1.0,inconclusive
inconclusive,ambiguous_regime_02,1,sklearn,1,1,direct_optional_package,synthetic_known_truth,Classifier baselines test whether generic features recover synthetic labels. They do not provide an interpretable residence-window decision by themselves.,sklearn.RandomForestClassifier_LOOCV,scikit_learn_feature_classifier,ambiguous_regime,1.0,inconclusive
inconclusive,ambiguous_regime_03,1,sklearn,1,1,direct_optional_package,synthetic_known_truth,Classifier baselines test whether generic features recover synthetic labels. They do not provide an interpretable residence-window decision by themselves.,sklearn.RandomForestClassifier_LOOCV,scikit_learn_feature_classifier,ambiguous_regime,1.0,inconclusive
inconclusive,ambiguous_regime_04,1,sklearn,1,1,direct_optional_package,synthetic_known_truth,Classifier baselines test whether generic features recover synthetic labels. They do not provide an interpretable residence-window decision by themselves.,sklearn.RandomForestClassifier_LOOCV,scikit_learn_feature_classifier,ambiguous_regime,1.0,inconclusive
inconclusive,ambiguous_regime_05,1,sklearn,1,1,direct_optional_package,synthetic_known_truth,Classifier baselines test whether generic features recover synthetic labels. They do not provide an interpretable residence-window decision by themselves.,sklearn.RandomForestClassifier_LOOCV,scikit_learn_feature_classifier,ambiguous_regime,1.0,inconclusive
inconclusive,ambiguous_regime_06,1,sklearn,1,1,direct_optional_package,synthetic_known_truth,Classifier baselines test whether generic features recover synthetic labels. They do not provide an interpretable residence-window decision by themselves.,sklearn.RandomForestClassifier_LOOCV,scikit_learn_feature_classifier,ambiguous_regime,1.0,inconclusive
inconclusive,ambiguous_regime_07,1,sklearn,1,1,direct_optional_package,synthetic_known_truth,Classifier baselines test whether generic features recover synthetic labels. They do not provide an interpretable residence-window decision by themselves.,sklearn.RandomForestClassifier_LOOCV,scikit_learn_feature_classifier,ambiguous_regime,1.0,inconclusive
inconclusive,ambiguous_regime_08,1,sklearn,1,1,direct_optional_package,synthetic_known_truth,Classifier baselines test whether generic features recover synthetic labels. They do not provide an interpretable residence-window decision by themselves.,sklearn.RandomForestClassifier_LOOCV,scikit_learn_feature_classifier,ambiguous_regime,1.0,inconclusive
inconclusive,ambiguous_regime_09,1,sklearn,1,1,direct_optional_package,synthetic_known_truth,Classifier baselines test whether generic features recover synthetic labels. They do not provide an interpretable residence-window decision by themselves.,sklearn.RandomForestClassifier_LOOCV,scikit_learn_feature_classifier,ambiguous_regime,1.0,inconclusive
inconclusive,ambiguous_regime_10,1,sklearn,1,1,direct_optional_package,synthetic_known_truth,Classifier baselines test whether generic features recover synthetic labels. They do not provide an interpretable residence-window decision by themselves.,sklearn.RandomForestClassifier_LOOCV,scikit_learn_feature_classifier,ambiguous_regime,1.0,inconclusive
inconclusive,ambiguous_regime_11,1,sklearn,1,1,direct_optional_package,synthetic_known_truth,Classifier baselines test whether generic features recover synthetic labels. They do not provide an interpretable residence-window decision by themselves.,sklearn.RandomForestClassifier_LOOCV,scikit_learn_feature_classifier,ambiguous_regime,1.0,inconclusive
