track_id,frame,x,y,area,intensity
23,0,516.700767,420.803069,391,12.841432
23,20,519.552301,421.776151,478,13.046025
23,40,522.003419,422.164103,585,13.822222
23,60,524.621701,424.631965,682,13.593842
24,80,532.276392,430.389635,521,13.147793
24,100,532.729299,430.156051,628,13.804140
24,120,534.066946,429.782427,717,13.877266
25,140,521.082192,435.952055,438,16.009132
